Time,Symbol,Bid,Ask,Price,Quantity,Status,Currency,buy_sell,TotalPrice,Spread,Liquidity
09:15:17.080,NFLX,227.41,109.27,89.92,9,Expired,GBP,s,809.28,118.14,0.0761808
09:15:21.349,V,236.57,249.17,235.59,1,Partially_Done,INR,s,235.59,12.6,0.07936508
09:15:30.308,MSFT,216.32,193.44,66.95,3,Expired,INR,s,200.85,22.88,0.1311189
09:15:38.184,MSFT,279.86,299.81,62.56,14,Pending_Approval,JPY,s,875.84,19.95,0.7017544
09:15:58.274,META,213.2,216.49,217.17,15,On_hold,GBP,b,3257.55,3.29,4.559271
09:16:25.332,META,71.35,149.03,174.4,8,Pending_Approval,JPY,b,1395.2,77.68,0.1029866
09:16:29.269,APPL,49.36,49.13,56.11,3,Accepted,INR,s,168.33,0.23,13.04348
09:17:03.542,GOOGL,270.27,252.5,80.21,7,Dealer_Timeout,JPY,b,561.47,17.77,0.3939223
09:17:05.092,META,282.37,292.02,171.04,5,Customer_Timeout,JPY,b,855.2,9.65,0.5181347
09:17:34.232,APPL,34.48,95.81,177.27,11,Pending_Approval,JPY,s,1949.97,61.33,0.1793576
09:17:50.500,META,257.06,250.76,298.36,15,Done,INR,s,4475.4,6.3,2.380952
09:18:17.484,APPL,111.96,32.31,273.89,14,Dealer_Rejected,JPY,b,3834.46,79.65,0.175769
09:20:07.066,V,282.42,204.25,242.45,11,In_Progress,GBP,s,2666.95,78.17,0.1407189
09:21:04.802,APPL,294.78,149.85,105.16,15,Dealer_Timeout,EUR,s,1577.4,144.93,0.1034982
09:21:42.669,NFLX,93.57,32.15,159.6,10,Dealer_Timeout,JPY,b,1596,61.42,0.1628134
09:21:47.943,NFLX,231.78,155.28,136.46,1,Accepted,GBP,s,136.46,76.5,0.0130719
09:21:59.623,GOOGL,183.82,135.48,278.37,5,Cancelled,EUR,s,1391.85,48.34,0.103434
09:22:01.740,BABA,291.18,92.84,101.21,13,Done,INR,b,1315.73,198.34,0.06554402
09:22:18.827,NFLX,131.99,220.67,185.76,4,On_hold,USD,s,743.04,88.68,0.045106
09:22:41.168,TSLA,79.02,275.64,272.04,3,Customer_Timeout,USD,b,816.12,196.62,0.01525786
09:23:08.324,META,268.99,129.11,51.98,2,Cancelled,GBP,b,103.96,139.88,0.01429797
09:23:12.640,MSFT,126.32,52.81,296.57,14,Partially_Done,USD,b,4151.98,73.51,0.1904503
09:23:25.305,APPL,61.43,99.73,49.84,15,Accepted,GBP,s,747.6,38.3,0.3916449
09:23:59.510,META,74.09,216.65,61.88,6,Dealer_Timeout,INR,b,371.28,142.56,0.04208754
09:24:08.941,META,139.95,237.95,232.4,3,Expired,INR,b,697.2,98,0.03061224
09:24:25.648,BABA,52.13,132.86,48.42,15,Customer_Timeout,EUR,b,726.3,80.73,0.1858045
09:24:37.574,V,298.41,175.44,29.96,9,Customer_Rejected,INR,b,269.64,122.97,0.07318858
09:25:12.557,BABA,112.3,126.82,262.9,10,On_hold,EUR,b,2629,14.52,0.6887052
09:25:17.975,TSLA,298.56,119.85,264.08,13,Partially_Done,JPY,b,3433.04,178.71,0.07274355
09:25:53.276,APPL,255.83,124.63,31.17,6,Cancelled,JPY,s,187.02,131.2,0.04573171
09:26:02.812,NFLX,260.74,95.57,247.91,4,Expired,EUR,s,991.64,165.17,0.02421747
09:26:32.555,TSLA,87.95,74.56,222.28,2,Customer_Rejected,GBP,b,444.56,13.39,0.1493652
09:27:23.462,MSFT,168.56,51.9,47.05,11,Partially_Done,GBP,s,517.55,116.66,0.0942911
09:27:46.425,TSLA,272.5,172.94,39,10,Dealer_Rejected,USD,s,390,99.56,0.1004419
09:28:04.921,BABA,234.06,177.96,100.15,9,Customer_Timeout,USD,b,901.35,56.1,0.1604278
09:28:16.346,APPL,245,179.22,41.93,14,In_Progress,INR,s,587.02,65.78,0.2128306
09:28:41.485,TSLA,122.5,227.09,102.77,13,Customer_Timeout,JPY,s,1336.01,104.59,0.1242949
09:28:48.828,TSLA,252.47,31.94,30.62,1,Dealer_Timeout,INR,s,30.62,220.53,0.00453453
09:29:01.257,BABA,52.79,97.64,162.8,2,On_hold,EUR,s,325.6,44.85,0.04459309
09:29:14.466,V,57.44,34.36,286.83,7,Pending_Approval,JPY,b,2007.81,23.08,0.3032929
09:29:25.645,V,197.91,184.4,217.09,2,In_Progress,GBP,s,434.18,13.51,0.1480385
09:29:26.715,MSFT,149.04,119.71,150.85,12,Customer_Rejected,INR,s,1810.2,29.33,0.4091374
09:29:45.270,V,215.65,222.46,129,3,In_Progress,INR,b,387,6.81,0.4405286
09:30:38.437,TSLA,160.88,66.49,243.33,4,On_hold,EUR,s,973.32,94.39,0.04237737
09:31:21.492,META,229.73,110.27,170.59,3,Pending_Approval,USD,b,511.77,119.46,0.02511301
09:31:31.025,BABA,166.37,289.15,213.95,7,Customer_Timeout,EUR,s,1497.65,122.78,0.05701254
09:31:45.658,NFLX,35.46,60.77,276.68,15,Dealer_Rejected,JPY,b,4150.2,25.31,0.5926511
09:31:54.352,TSLA,157.56,292.2,54.42,3,Partially_Done,INR,s,163.26,134.64,0.02228164
09:32:12.141,BABA,141.01,60.54,36.94,5,Pending_Approval,INR,b,184.7,80.47,0.06213496
09:32:53.834,MSFT,28.85,76.19,247.7,12,On_hold,JPY,s,2972.4,47.34,0.2534854
09:33:12.643,APPL,281.47,25.14,91.6,7,Dealer_Rejected,GBP,s,641.2,256.33,0.02730855
09:33:44.292,NFLX,103.05,278.78,31.46,9,Dealer_Timeout,EUR,s,283.14,175.73,0.05121493
09:33:53.760,APPL,246.31,261.7,244.75,15,Expired,USD,s,3671.25,15.39,0.9746589
09:34:08.229,APPL,72.82,79.61,280.42,4,Accepted,EUR,b,1121.68,6.79,0.5891016
09:34:16.666,META,97.52,61.56,153.52,7,Accepted,EUR,s,1074.64,35.96,0.1946607
09:34:50.347,V,152.7,83.01,158.3,14,Cancelled,USD,s,2216.2,69.69,0.2008897
09:35:02.763,APPL,66.6,257.35,142.4,1,Dealer_Rejected,USD,b,142.4,190.75,0.005242464
09:35:31.252,GOOGL,262.94,37.13,251.3,8,Expired,GBP,b,2010.4,225.81,0.03542801
09:35:44.551,NFLX,147.16,107.38,182.79,1,Cancelled,USD,b,182.79,39.78,0.02513826
09:36:04.412,NFLX,217.17,123.23,221.99,15,Customer_Timeout,JPY,b,3329.85,93.94,0.1596764
09:36:10.661,BABA,52.02,263.78,171.07,15,Dealer_Rejected,INR,b,2566.05,211.76,0.07083491
09:36:24.796,V,26.12,133.12,215.03,14,Pending_Approval,EUR,b,3010.42,107,0.1308411
09:36:49.150,META,49.08,169.26,172.37,8,In_Progress,INR,b,1378.96,120.18,0.06656682
09:37:32.095,TSLA,206.36,88.08,96.94,2,On_hold,INR,b,193.88,118.28,0.01690903
09:37:34.124,MSFT,23.1,160.52,63.28,9,Partially_Done,EUR,s,569.52,137.42,0.06549265
09:37:58.050,NFLX,298.58,116.53,131.34,6,Done,EUR,s,788.04,182.05,0.03295798
09:37:59.750,MSFT,51.07,40,159.99,9,Customer_Timeout,EUR,b,1439.91,11.07,0.8130081
09:38:18.089,V,258.36,97.25,131.89,8,Done,GBP,b,1055.12,161.11,0.04965551
09:38:25.525,V,100.68,75.77,24.31,8,Accepted,GBP,s,194.48,24.91,0.3211562
09:38:43.724,APPL,44.95,281.24,38.92,11,On_hold,INR,b,428.12,236.29,0.04655296
09:39:16.392,MSFT,187.71,68.56,206.83,7,Dealer_Timeout,USD,b,1447.81,119.15,0.05874948
09:39:32.919,APPL,79.05,58.11,280.18,11,Pending_Approval,JPY,s,3081.98,20.94,0.5253104
09:39:51.886,MSFT,219.04,201.25,251.93,12,Accepted,USD,s,3023.16,17.79,0.6745363
09:39:54.644,V,136.05,47.71,27.02,1,On_hold,USD,s,27.02,88.34,0.0113199
09:40:23.210,APPL,113.32,173.54,245.86,6,Dealer_Rejected,GBP,s,1475.16,60.22,0.09963467
09:42:18.156,GOOGL,30.7,145.14,276.08,10,Expired,JPY,s,2760.8,114.44,0.08738203
09:42:28.486,APPL,221.16,206.3,208.58,3,Done,GBP,b,625.74,14.86,0.2018843
09:43:17.727,MSFT,78.84,113.03,166.67,1,Accepted,USD,s,166.67,34.19,0.02924832
09:43:43.630,APPL,141.78,159.95,48.46,7,Customer_Timeout,GBP,s,339.22,18.17,0.3852504
09:44:23.451,APPL,55.19,198.95,160.63,13,Dealer_Timeout,JPY,s,2088.19,143.76,0.09042849
09:44:26.852,MSFT,164.61,53.55,58.19,5,Expired,USD,s,290.95,111.06,0.04502071
09:44:38.945,V,277.56,62.21,199.76,9,Customer_Rejected,GBP,s,1797.84,215.35,0.04179243
09:45:06.922,TSLA,98.32,136.67,40.68,7,Customer_Timeout,GBP,b,284.76,38.35,0.1825293
09:45:19.890,GOOGL,94.73,257.32,75.12,9,Customer_Timeout,INR,b,676.08,162.59,0.05535396
09:45:37.920,META,116.07,161.24,80.25,10,Dealer_Rejected,GBP,b,802.5,45.17,0.2213859
09:45:59.638,META,226.24,176.01,208.12,4,Done,INR,s,832.48,50.23,0.07963369
09:46:28.196,MSFT,57.84,187.04,229.82,9,Cancelled,EUR,s,2068.38,129.2,0.06965944
09:46:32.778,V,151.83,78.53,152.99,5,Customer_Timeout,JPY,b,764.95,73.3,0.06821282
09:46:33.905,META,215.12,72.22,211.39,15,Expired,INR,s,3170.85,142.9,0.1049685
09:46:41.493,NFLX,96.44,139.58,131.07,11,In_Progress,EUR,s,1441.77,43.14,0.2549838
09:46:46.051,APPL,222.82,143.34,126.79,5,Expired,GBP,b,633.95,79.48,0.06290891
09:46:53.644,META,222.71,195.5,135.72,2,Customer_Timeout,INR,s,271.44,27.21,0.07350239
09:47:08.956,NFLX,94.83,214.12,257.06,11,Pending_Approval,GBP,b,2827.66,119.29,0.09221226
09:47:11.399,V,170.2,273.1,65.61,13,Partially_Done,GBP,s,852.93,102.9,0.1263362
09:48:04.078,TSLA,50.47,71.42,65.84,3,Dealer_Rejected,INR,s,197.52,20.95,0.1431981
09:48:10.867,BABA,114.56,116.07,287.2,4,Partially_Done,EUR,s,1148.8,1.51,2.649007
09:48:51.365,MSFT,49.1,210.15,41.28,1,Cancelled,JPY,b,41.28,161.05,0.006209252
09:48:53.920,TSLA,102.72,117.23,273.93,7,Customer_Timeout,GBP,s,1917.51,14.51,0.4824259
09:49:28.887,META,108.57,187.35,60.53,5,In_Progress,JPY,s,302.65,78.78,0.06346789
09:49:50.649,GOOGL,153.99,87.62,250.26,11,Partially_Done,INR,s,2752.86,66.37,0.1657375
09:49:55.203,TSLA,266.17,279.39,111.01,11,Partially_Done,INR,b,1221.11,13.22,0.8320726
09:51:19.609,APPL,49.04,50.68,172.67,4,On_hold,USD,s,690.68,1.64,2.439024
09:51:58.239,BABA,157.49,256.46,218.98,14,In_Progress,GBP,s,3065.72,98.97,0.141457
09:52:12.840,V,190.76,108.7,26.41,8,In_Progress,INR,b,211.28,82.06,0.09748964
09:52:21.587,GOOGL,188.34,92.35,41.78,14,Dealer_Rejected,EUR,b,584.92,95.99,0.1458485
09:52:55.528,V,152.55,190.31,77.22,5,Cancelled,EUR,s,386.1,37.76,0.1324153
09:53:14.423,APPL,96.45,168.03,262.25,11,In_Progress,EUR,s,2884.75,71.58,0.1536742
09:53:30.197,TSLA,144.01,124.09,290.27,6,Customer_Timeout,INR,b,1741.62,19.92,0.3012048
09:53:39.521,META,184.08,83.51,120.81,5,Accepted,GBP,b,604.05,100.57,0.04971662
09:54:25.771,GOOGL,224.43,240.96,39.82,1,Cancelled,INR,b,39.82,16.53,0.06049607
09:54:48.624,V,78.27,146.55,96.37,6,Dealer_Rejected,INR,b,578.22,68.28,0.08787346
09:54:58.220,META,209.44,98.18,276.18,5,Pending_Approval,GBP,b,1380.9,111.26,0.04493978
09:54:58.909,BABA,230.52,30.31,225.83,9,In_Progress,EUR,b,2032.47,200.21,0.0449528
09:55:05.631,NFLX,61.09,24.35,183.82,6,Customer_Rejected,USD,s,1102.92,36.74,0.1633097
09:55:25.890,V,263.82,154.79,93.95,10,Dealer_Rejected,JPY,b,939.5,109.03,0.09171788
09:55:36.815,TSLA,146.92,296.56,283.58,3,Done,INR,s,850.74,149.64,0.02004812
09:55:41.670,V,117.61,246.72,177.86,3,In_Progress,JPY,s,533.58,129.11,0.023236
09:55:44.141,TSLA,278.11,61.41,96.49,15,Dealer_Rejected,GBP,s,1447.35,216.7,0.06922012
09:55:52.950,GOOGL,91.8,191.23,233.77,3,Customer_Rejected,GBP,s,701.31,99.43,0.03017198
09:55:55.431,META,298.47,64.52,178.91,13,Customer_Timeout,INR,s,2325.83,233.95,0.05556743
09:56:09.207,BABA,261.71,274.96,271.21,1,Done,GBP,s,271.21,13.25,0.0754717
09:56:32.835,NFLX,254.6,227.74,27.93,13,On_hold,USD,b,363.09,26.86,0.4839911
09:56:33.440,MSFT,120.76,297.46,32.61,12,Customer_Timeout,EUR,s,391.32,176.7,0.06791171
09:57:09.536,APPL,170.56,31.43,123.95,2,Partially_Done,INR,s,247.9,139.13,0.01437504
09:57:23.158,META,104.53,90.46,259.11,14,In_Progress,EUR,b,3627.54,14.07,0.9950249
09:57:42.873,META,207.63,282.75,143,13,In_Progress,GBP,s,1859,75.12,0.1730564
09:58:11.968,TSLA,229.27,255.62,239.47,4,Done,JPY,b,957.88,26.35,0.1518027
09:59:01.049,TSLA,88.54,243.96,35.17,12,On_hold,JPY,b,422.04,155.42,0.07721014
09:59:08.863,TSLA,258.69,206.69,239.71,2,Pending_Approval,USD,s,479.42,52,0.03846154
09:59:19.183,META,166.98,269.07,246.66,13,Accepted,JPY,b,3206.58,102.09,0.1273386
09:59:37.591,META,92.17,49.58,89.07,6,Accepted,USD,s,534.42,42.59,0.1408781
10:00:07.591,NFLX,118.95,155.89,34.71,6,Done,GBP,b,208.26,36.94,0.1624256
10:00:40.134,BABA,269.82,208.69,270.68,3,Dealer_Rejected,USD,b,812.04,61.13,0.04907574
10:01:17.393,GOOGL,88.3,268.19,206.62,14,Customer_Rejected,INR,s,2892.68,179.89,0.07782534
10:01:31.710,MSFT,169.39,59.74,176.53,1,Done,INR,b,176.53,109.65,0.009119927
10:03:08.048,META,92.72,248.23,204.91,6,On_hold,GBP,b,1229.46,155.51,0.03858273
10:03:32.950,BABA,251.22,27.63,190.26,2,Customer_Timeout,USD,s,380.52,223.59,0.008944944
10:03:39.290,NFLX,98.72,151.36,43.73,14,Done,GBP,b,612.22,52.64,0.2659574
10:03:47.137,NFLX,287.26,123.88,266.73,8,Cancelled,GBP,b,2133.84,163.38,0.0489656
10:04:20.155,V,278.56,60.31,173.42,8,In_Progress,USD,s,1387.36,218.25,0.03665521
10:04:31.925,GOOGL,125.35,293.75,264.08,13,Dealer_Timeout,GBP,s,3433.04,168.4,0.07719715
10:04:33.688,MSFT,168.39,102.47,51.3,1,On_hold,USD,b,51.3,65.92,0.0151699
10:04:55.495,V,155.37,179.55,236.93,9,Accepted,JPY,s,2132.37,24.18,0.3722084
10:05:03.900,BABA,40.08,142.56,44.52,5,Customer_Rejected,INR,b,222.6,102.48,0.04879001
10:05:19.641,TSLA,111.24,244.01,281.99,15,Pending_Approval,EUR,b,4229.85,132.77,0.1129773
10:05:32.249,APPL,252.15,213.51,134.51,4,Cancelled,GBP,s,538.04,38.64,0.1035197
10:06:04.013,META,232.59,269.83,255.63,3,Partially_Done,JPY,b,766.89,37.24,0.08055854
10:06:46.344,BABA,183.62,40.83,259.35,2,Pending_Approval,EUR,s,518.7,142.79,0.01400658
10:06:54.204,V,135.08,61.13,132.43,8,Expired,INR,s,1059.44,73.95,0.1081812
10:07:19.193,GOOGL,235.8,264.45,223.6,10,Partially_Done,USD,b,2236,28.65,0.3490401
10:08:08.324,APPL,45.86,87.87,296.55,3,Customer_Rejected,USD,s,889.65,42.01,0.07141157
10:08:31.660,TSLA,195.91,149.11,146.79,13,Dealer_Rejected,GBP,b,1908.27,46.8,0.2777778
10:08:38.968,META,175.94,267.74,81.44,1,Done,GBP,b,81.44,91.8,0.01089325
10:09:45.003,APPL,150.59,147.96,127.99,2,Expired,JPY,s,255.98,2.63,0.7604563
10:10:24.040,META,85.42,23.03,237.78,11,Cancelled,INR,b,2615.58,62.39,0.1763103
10:11:07.139,NFLX,165.36,62.72,171.61,14,Done,USD,s,2402.54,102.64,0.1363991
10:11:30.781,GOOGL,54.97,92.11,48.81,10,Partially_Done,JPY,b,488.1,37.14,0.2692515
10:11:55.163,GOOGL,37.5,38.91,39.99,4,Dealer_Rejected,INR,s,159.96,1.41,2.836879
10:12:17.534,META,172.29,196.76,262.2,13,Cancelled,GBP,s,3408.6,24.47,0.5312628
10:12:47.067,BABA,234.02,128.41,105.51,15,Expired,USD,s,1582.65,105.61,0.142032
10:15:23.328,BABA,261.35,116.74,54.46,14,Expired,EUR,s,762.44,144.61,0.09681212
10:15:41.204,BABA,55.56,210.09,42.09,3,Customer_Rejected,EUR,s,126.27,154.53,0.01941371
10:15:59.610,META,180.66,242.45,21.57,4,Cancelled,EUR,b,86.28,61.79,0.06473539
10:16:08.142,MSFT,192.59,198.31,194.22,14,Accepted,USD,s,2719.08,5.72,2.447552
10:16:16.347,BABA,102.91,48.32,44.08,2,Customer_Timeout,INR,s,88.16,54.59,0.03663675
10:16:34.032,NFLX,155.78,78.3,67.45,11,Partially_Done,EUR,s,741.95,77.48,0.1419721
10:16:41.847,APPL,153.17,49.81,276.56,1,Dealer_Rejected,JPY,b,276.56,103.36,0.009674923
10:17:10.636,META,100.62,49.53,215.15,4,Cancelled,INR,s,860.6,51.09,0.07829321
10:17:10.925,NFLX,282.2,152.2,71.51,2,In_Progress,INR,s,143.02,130,0.01538462
10:17:27.466,MSFT,24.38,115.79,99.89,15,Expired,USD,b,1498.35,91.41,0.1640958
10:17:59.706,NFLX,233.28,239.57,49.73,10,Expired,GBP,s,497.3,6.29,1.589825
10:18:02.668,APPL,179.28,273.72,101.39,2,Dealer_Timeout,USD,s,202.78,94.44,0.02117747
10:18:26.391,BABA,192.54,268.5,77.52,4,Customer_Rejected,JPY,s,310.08,75.96,0.05265929
10:18:46.241,GOOGL,258.21,255.88,211.48,4,Expired,GBP,b,845.92,2.33,1.716738
10:19:08.742,MSFT,53.57,209.94,245.95,2,Partially_Done,USD,b,491.9,156.37,0.01279018
10:19:18.632,GOOGL,204.35,262.71,237.1,13,In_Progress,USD,s,3082.3,58.36,0.2227553
10:19:36.389,BABA,109.46,244.09,182.63,13,Dealer_Rejected,INR,s,2374.19,134.63,0.09656094
10:20:25.305,NFLX,229.44,103.61,293.94,6,Accepted,GBP,s,1763.64,125.83,0.04768338
10:20:31.864,TSLA,40.25,38.58,71.56,2,Cancelled,GBP,b,143.12,1.67,1.197605
10:20:42.696,APPL,89.56,216.67,239.96,6,Done,USD,s,1439.76,127.11,0.04720321
10:21:15.890,APPL,146.14,288.84,168.88,5,On_hold,GBP,s,844.4,142.7,0.03503854
10:21:38.416,V,189.15,234.76,299.03,14,Accepted,JPY,s,4186.42,45.61,0.3069502
10:21:52.865,APPL,208.33,40.11,159.4,2,On_hold,INR,s,318.8,168.22,0.01188919
10:22:08.721,APPL,276.42,237.42,274.9,4,Cancelled,JPY,s,1099.6,39,0.1025641
10:22:33.288,TSLA,132.82,110.47,212.09,5,On_hold,USD,b,1060.45,22.35,0.2237136
10:22:53.506,MSFT,169.42,214.31,94.36,4,Cancelled,EUR,s,377.44,44.89,0.08910671
10:23:00.945,BABA,34.78,45.19,117.06,12,Expired,EUR,b,1404.72,10.41,1.152738
10:23:02.740,TSLA,81.55,164,250.96,7,Expired,EUR,b,1756.72,82.45,0.08489994
10:23:32.831,NFLX,196.87,154.58,108.17,15,In_Progress,JPY,b,1622.55,42.29,0.3546938
10:23:49.845,MSFT,100.85,92.52,177.37,13,Customer_Timeout,INR,s,2305.81,8.33,1.560624
10:24:28.295,BABA,170.11,155.14,213.81,9,On_hold,INR,s,1924.29,14.97,0.6012024
10:24:39.143,MSFT,47.98,80.27,269.72,7,Partially_Done,INR,b,1888.04,32.29,0.2167854
10:24:44.589,NFLX,58.61,63.09,275.33,1,Done,EUR,s,275.33,4.48,0.2232143
10:24:50.253,TSLA,42.9,222.6,261.54,15,Accepted,EUR,b,3923.1,179.7,0.08347245
10:24:52.372,MSFT,128.02,57.49,197.96,15,Pending_Approval,EUR,b,2969.4,70.53,0.2126755
10:25:09.790,BABA,215.91,286.83,276.41,14,On_hold,USD,b,3869.74,70.92,0.1974055
10:25:13.713,BABA,205.2,53.84,21.45,9,Dealer_Rejected,USD,s,193.05,151.36,0.05946089
10:25:52.781,V,245.39,177.17,241.54,13,On_hold,EUR,b,3140.02,68.22,0.19056
10:26:14.831,META,234.44,47.55,138.66,6,Cancelled,USD,b,831.96,186.89,0.03210445
10:26:15.345,NFLX,67.33,182.58,111.7,13,Accepted,GBP,b,1452.1,115.25,0.1127983
10:26:17.716,TSLA,25.31,88.66,226.68,10,Dealer_Timeout,JPY,b,2266.8,63.35,0.1578532
10:26:57.854,NFLX,219.44,170.44,255.23,8,Accepted,INR,b,2041.84,49,0.1632653
10:27:08.166,BABA,229.09,240.09,107.69,15,On_hold,GBP,s,1615.35,11,1.363636
10:27:17.417,MSFT,292.83,243.91,140.47,10,Accepted,INR,s,1404.7,48.92,0.2044154
10:27:20.057,META,278.71,265.02,288.68,7,In_Progress,EUR,s,2020.76,13.69,0.5113221
10:27:25.291,MSFT,99.98,136.96,208.62,3,Cancelled,GBP,s,625.86,36.98,0.08112493
10:27:28.607,APPL,222.14,221.17,239.65,6,Expired,EUR,b,1437.9,0.97,6.185567
10:28:57.230,META,78.13,294.97,109.55,10,Pending_Approval,JPY,b,1095.5,216.84,0.04611695
10:29:07.299,MSFT,195.59,32.29,103.76,10,Customer_Rejected,INR,b,1037.6,163.3,0.06123699
10:29:09.243,GOOGL,78.15,299.94,273.51,2,Dealer_Rejected,USD,b,547.02,221.79,0.009017539
10:30:04.774,NFLX,125.34,208.72,244.87,11,Customer_Timeout,EUR,s,2693.57,83.38,0.1319261
10:30:39.463,GOOGL,71.74,89.31,205.57,14,Dealer_Timeout,USD,s,2877.98,17.57,0.7968127
10:30:49.472,V,110.78,232.44,253.68,12,Dealer_Timeout,JPY,s,3044.16,121.66,0.09863554
10:31:06.996,APPL,137.04,192.24,109.44,15,Partially_Done,EUR,s,1641.6,55.2,0.2717391
10:32:00.784,V,78.7,220.68,220.8,1,Expired,USD,b,220.8,141.98,0.007043246
10:32:27.614,NFLX,189.74,238.36,258.78,8,Cancelled,JPY,s,2070.24,48.62,0.1645413
10:33:04.594,BABA,255.71,208.02,281.97,6,Pending_Approval,USD,b,1691.82,47.69,0.1258125
10:33:31.166,MSFT,281.67,138.06,50.05,8,In_Progress,USD,b,400.4,143.61,0.05570643
10:33:45.250,MSFT,143.34,59.16,145.26,7,Done,JPY,b,1016.82,84.18,0.08315514
10:34:43.067,NFLX,150.74,33.53,131.73,3,Customer_Rejected,USD,b,395.19,117.21,0.02559509
10:34:58.572,GOOGL,159.5,242.96,218.08,14,Expired,JPY,b,3053.12,83.46,0.167745
10:36:08.733,V,285.19,40.1,210.91,11,Pending_Approval,GBP,b,2320.01,245.09,0.04488147
10:36:31.372,GOOGL,25.83,93.25,245.04,6,In_Progress,GBP,s,1470.24,67.42,0.08899436
10:36:39.919,TSLA,168.55,136.61,103.19,3,Customer_Rejected,GBP,s,309.57,31.94,0.09392611
10:36:40.616,NFLX,232.94,254.11,69.17,13,Dealer_Timeout,JPY,b,899.21,21.17,0.6140765
10:37:17.699,TSLA,188.57,272.07,269.63,11,Cancelled,GBP,s,2965.93,83.5,0.1317365
10:37:30.035,GOOGL,156.89,278.74,178.39,10,Partially_Done,USD,b,1783.9,121.85,0.08206812
10:37:32.705,MSFT,250.37,114.57,194.56,3,Cancelled,GBP,s,583.68,135.8,0.02209131
10:37:54.779,TSLA,256.43,182.62,160.89,14,Pending_Approval,EUR,s,2252.46,73.81,0.1896762
10:38:23.883,META,203.66,153.11,299.07,2,Customer_Timeout,GBP,s,598.14,50.55,0.03956479
10:38:29.326,V,128.25,277.88,206.56,6,Cancelled,USD,b,1239.36,149.63,0.04009891
10:38:31.384,APPL,61.67,123.7,67.37,5,Accepted,GBP,b,336.85,62.03,0.08060616
10:38:46.281,BABA,149.21,292.06,239.53,9,Customer_Rejected,USD,b,2155.77,142.85,0.06300315
10:38:51.162,TSLA,237.23,143.14,179.03,11,Expired,EUR,s,1969.33,94.09,0.1169093
10:39:16.770,V,70.86,117.34,203.91,4,Pending_Approval,JPY,s,815.64,46.48,0.08605852
10:39:35.814,APPL,211.05,148.87,290.03,12,Dealer_Rejected,EUR,s,3480.36,62.18,0.1929881
10:40:50.710,GOOGL,136.95,183.16,210.12,10,Dealer_Timeout,EUR,s,2101.2,46.21,0.2164034
10:40:59.209,NFLX,176.78,162.41,160.65,7,Pending_Approval,EUR,s,1124.55,14.37,0.487126
10:41:21.548,NFLX,220.6,247.66,244.03,2,Cancelled,INR,b,488.06,27.06,0.07390983
10:41:29.905,NFLX,55.68,77.09,149.27,5,Dealer_Rejected,JPY,s,746.35,21.41,0.2335357
10:41:57.681,BABA,160.39,260.87,130.43,10,On_hold,INR,b,1304.3,100.48,0.09952229
10:42:26.974,V,25.07,278.82,172.99,14,Cancelled,JPY,s,2421.86,253.75,0.05517241
10:42:31.499,TSLA,36.57,112.65,164.41,11,Customer_Timeout,GBP,s,1808.51,76.08,0.1445846
10:42:37.475,TSLA,153.27,174.18,54.7,3,Dealer_Rejected,EUR,s,164.1,20.91,0.143472
10:42:57.394,BABA,196.66,214.05,183.64,13,Dealer_Timeout,INR,b,2387.32,17.39,0.7475561
10:43:03.675,BABA,148.81,273.96,30.53,14,Dealer_Timeout,JPY,s,427.42,125.15,0.1118658
10:43:36.824,BABA,291.93,183.32,286.56,3,Dealer_Rejected,USD,b,859.68,108.61,0.02762177
10:44:16.562,V,179.91,84.7,215.75,12,Expired,USD,s,2589,95.21,0.1260372
10:45:24.311,GOOGL,109.74,261.83,29.24,3,Customer_Rejected,JPY,s,87.72,152.09,0.01972516
10:45:31.374,MSFT,294.46,98.27,169.26,5,Pending_Approval,GBP,b,846.3,196.19,0.0254855
10:45:35.693,META,282.38,55.88,285.37,7,Partially_Done,GBP,b,1997.59,226.5,0.03090508
10:45:37.787,NFLX,68.52,297.37,247.93,8,Pending_Approval,USD,b,1983.44,228.85,0.0349574
10:45:49.712,GOOGL,110.38,191.62,208.2,4,Customer_Timeout,JPY,b,832.8,81.24,0.04923683
10:45:50.872,MSFT,117.15,256.08,126.33,5,Done,GBP,b,631.65,138.93,0.03598935
10:47:05.812,BABA,250.09,198.89,229.96,9,Cancelled,GBP,s,2069.64,51.2,0.1757813
10:47:13.377,MSFT,291.75,185.85,289.07,7,Done,GBP,s,2023.49,105.9,0.06610009
10:47:21.596,GOOGL,111.03,220.4,230.53,13,Customer_Timeout,EUR,s,2996.89,109.37,0.1188626
10:47:44.791,MSFT,263.55,130.34,168.4,9,Customer_Timeout,GBP,b,1515.6,133.21,0.0675625
10:47:48.378,META,131.78,247.81,71.44,1,In_Progress,INR,b,71.44,116.03,0.008618461
10:48:14.916,V,252.24,272.24,40.54,3,Cancelled,JPY,b,121.62,20,0.15
10:48:24.651,APPL,29.95,160.02,44.05,10,Pending_Approval,INR,s,440.5,130.07,0.07688168
10:48:38.118,V,54.42,179.45,21.36,15,Accepted,GBP,b,320.4,125.03,0.1199712
10:48:47.975,V,137.55,215.93,116.52,4,Partially_Done,JPY,s,466.08,78.38,0.05103343
10:49:06.379,APPL,137.14,245.25,50.35,15,On_hold,GBP,s,755.25,108.11,0.1387476
10:49:35.930,TSLA,216.3,226.2,39.33,9,Expired,JPY,b,353.97,9.9,0.9090909
10:50:16.100,META,60.1,128.62,262.24,3,In_Progress,INR,s,786.72,68.52,0.04378284
10:50:51.535,NFLX,101.22,82.63,134.19,2,Dealer_Timeout,JPY,s,268.38,18.59,0.1075847
10:51:34.677,MSFT,278.03,89.41,232.34,15,Expired,USD,b,3485.1,188.62,0.07952497
10:51:58.323,META,20.78,48,65.8,13,Partially_Done,INR,b,855.4,27.22,0.47759
10:52:00.256,BABA,236.08,57.41,190.31,15,On_hold,INR,s,2854.65,178.67,0.08395366
10:52:10.941,MSFT,250.28,42.47,276.62,15,Customer_Timeout,JPY,s,4149.3,207.81,0.07218132
10:52:11.398,APPL,285.99,97.24,80.8,9,In_Progress,JPY,b,727.2,188.75,0.04768212
10:52:22.911,META,22.87,57.2,192.77,1,Customer_Timeout,USD,b,192.77,34.33,0.02912904
10:53:41.781,BABA,243.23,43.07,25.54,12,Dealer_Timeout,EUR,s,306.48,200.16,0.05995204
10:53:45.609,META,175.44,190.12,57.3,1,Partially_Done,INR,b,57.3,14.68,0.06811989
10:54:10.283,NFLX,226.62,160.38,56.86,5,In_Progress,JPY,b,284.3,66.24,0.07548309
10:54:21.676,TSLA,116.12,229.72,144.67,3,Done,JPY,s,434.01,113.6,0.02640845
10:54:45.633,V,76.49,78.75,42.16,7,Dealer_Timeout,USD,b,295.12,2.26,3.097345
10:55:18.594,GOOGL,267.09,146.58,146.38,3,Accepted,GBP,b,439.14,120.51,0.0248942
10:56:35.331,APPL,138.45,183.35,121.61,4,Accepted,EUR,b,486.44,44.9,0.08908686
10:56:47.476,TSLA,271.79,117.38,129.97,4,Cancelled,USD,s,519.88,154.41,0.02590506
10:56:50.570,GOOGL,97.19,178.78,115.12,3,Customer_Rejected,EUR,b,345.36,81.59,0.03676921
10:57:57.587,META,61.78,292.15,211.37,12,Customer_Timeout,USD,s,2536.44,230.37,0.05209012
10:58:08.787,GOOGL,151.29,287,185.67,13,Partially_Done,GBP,b,2413.71,135.71,0.0957925
10:58:09.548,BABA,155.93,82.7,264.28,3,Customer_Timeout,GBP,s,792.84,73.23,0.04096682
10:58:12.458,GOOGL,242.69,219.56,146.59,7,On_hold,JPY,s,1026.13,23.13,0.3026373
10:58:42.878,V,162.34,250.83,184.13,15,Partially_Done,JPY,b,2761.95,88.49,0.1695107
10:58:58.622,BABA,246.08,284.11,253.1,14,Pending_Approval,EUR,b,3543.4,38.03,0.3681304
10:59:08.150,TSLA,56.94,219.93,65.23,5,Partially_Done,JPY,s,326.15,162.99,0.03067673
10:59:29.898,APPL,87.69,166.87,197.54,2,Dealer_Timeout,INR,b,395.08,79.18,0.0252589
10:59:34.553,V,299.93,97.69,177.27,6,Pending_Approval,USD,b,1063.62,202.24,0.02966772
10:59:44.550,APPL,90.46,120,126.86,11,Cancelled,USD,b,1395.46,29.54,0.3723764
10:59:54.729,GOOGL,280.24,41.52,244.79,10,Cancelled,INR,s,2447.9,238.72,0.04189008
10:59:56.936,BABA,137.19,25.45,208.94,1,Dealer_Timeout,INR,s,208.94,111.74,0.008949347
11:00:18.217,BABA,101.12,49.09,180.16,13,Cancelled,USD,s,2342.08,52.03,0.2498559
11:00:37.922,BABA,247.13,160.48,129.59,5,Done,USD,s,647.95,86.65,0.0577034
11:02:29.645,NFLX,216.4,245.06,62.02,10,Cancelled,INR,b,620.2,28.66,0.3489184
11:02:32.676,MSFT,49.04,98.88,131.23,1,Pending_Approval,INR,s,131.23,49.84,0.02006421
11:02:51.333,BABA,20.61,131.69,276.8,13,Done,INR,s,3598.4,111.08,0.1170328
11:02:52.218,GOOGL,46.9,30.92,124.24,4,Dealer_Rejected,GBP,b,496.96,15.98,0.2503129
11:03:03.766,META,37.72,85.02,280.21,11,Pending_Approval,JPY,s,3082.31,47.3,0.2325581
11:03:26.375,APPL,68.78,192.8,141.63,4,Partially_Done,INR,b,566.52,124.02,0.03225286
11:03:34.766,TSLA,111.79,120.5,279.99,9,Pending_Approval,INR,b,2519.91,8.71,1.033295
11:03:39.333,GOOGL,210.64,75.22,129.12,5,Dealer_Timeout,JPY,b,645.6,135.42,0.03692217
11:04:10.635,TSLA,201.25,110,293.4,1,Cancelled,JPY,s,293.4,91.25,0.0109589
11:05:21.290,GOOGL,254.36,160.29,28.49,3,In_Progress,INR,b,85.47,94.07,0.03189114
11:06:32.513,BABA,210.33,299.71,87.8,7,On_hold,EUR,s,614.6,89.38,0.0783173
11:06:49.020,V,173.63,122.21,224.49,12,In_Progress,EUR,b,2693.88,51.42,0.2333722
11:06:52.714,GOOGL,188.42,198.77,88.59,4,Cancelled,GBP,s,354.36,10.35,0.3864734
11:06:55.498,META,50.93,222.56,222.66,10,Customer_Rejected,GBP,b,2226.6,171.63,0.05826487
11:07:03.962,BABA,63.99,186.57,201.11,8,Done,GBP,s,1608.88,122.58,0.0652635
11:07:22.331,NFLX,127.11,89.79,133.66,12,Accepted,JPY,b,1603.92,37.32,0.3215434
11:07:58.047,NFLX,50.8,274.61,103.01,3,Cancelled,JPY,b,309.03,223.81,0.01340423
11:08:10.321,NFLX,20.59,101.95,80.45,10,On_hold,JPY,s,804.5,81.36,0.1229105
11:08:15.027,NFLX,54.88,223.27,177.94,11,Pending_Approval,EUR,s,1957.34,168.39,0.06532454
11:08:29.598,BABA,47.49,73.22,141.6,6,Pending_Approval,GBP,b,849.6,25.73,0.2331908
11:08:42.097,NFLX,224.73,254.76,203.81,2,Partially_Done,JPY,b,407.62,30.03,0.06660007
11:08:56.122,NFLX,159.88,213.22,143.04,9,Customer_Timeout,EUR,b,1287.36,53.34,0.1687289
11:09:02.487,MSFT,180.91,112.46,88.03,3,Pending_Approval,USD,s,264.09,68.45,0.04382761
11:09:05.618,GOOGL,218.63,26.26,80,12,Customer_Rejected,INR,b,960,192.37,0.06237979
11:09:17.087,NFLX,298.42,100.22,125.42,6,Accepted,USD,b,752.52,198.2,0.03027245
11:09:35.952,MSFT,56.51,240.82,285.3,5,Customer_Timeout,EUR,s,1426.5,184.31,0.02712821
11:10:03.027,GOOGL,203.48,251.67,42.46,7,Partially_Done,EUR,s,297.22,48.19,0.1452584
11:10:29.452,META,278.67,203.66,266.49,8,In_Progress,EUR,s,2131.92,75.01,0.1066524
11:11:27.030,NFLX,185.61,117.88,227.61,15,Pending_Approval,USD,b,3414.15,67.73,0.2214676
11:11:57.413,META,176.78,58.94,265.59,6,Dealer_Timeout,GBP,s,1593.54,117.84,0.0509165
11:12:52.989,V,221.73,146.49,43.45,2,Cancelled,GBP,s,86.9,75.24,0.02658161
11:12:53.942,TSLA,195.35,76.49,68.19,4,Partially_Done,GBP,s,272.76,118.86,0.03365304
11:13:53.922,TSLA,250.6,105.34,185.95,5,Pending_Approval,JPY,b,929.75,145.26,0.03442104
11:15:27.990,BABA,231.51,276.72,291.72,1,Cancelled,JPY,s,291.72,45.21,0.022119
11:15:50.971,TSLA,76.43,218.5,215.1,4,Customer_Rejected,JPY,b,860.4,142.07,0.02815513
11:15:54.397,V,163.51,264.19,154.6,14,Partially_Done,JPY,b,2164.4,100.68,0.1390544
11:16:02.263,MSFT,255.6,159.03,166.71,5,On_hold,USD,s,833.55,96.57,0.05177591
11:16:12.699,MSFT,299.79,143.75,50.91,7,Dealer_Timeout,GBP,s,356.37,156.04,0.04486029
11:16:13.658,APPL,167.1,153.97,213.43,9,Accepted,USD,b,1920.87,13.13,0.6854532
11:16:21.537,APPL,28.8,147.81,260.84,5,Partially_Done,GBP,s,1304.2,119.01,0.04201328
11:16:32.603,V,37.99,80.94,123.93,10,In_Progress,GBP,s,1239.3,42.95,0.2328289
11:16:41.131,GOOGL,29.35,121.16,124.78,8,Accepted,INR,b,998.24,91.81,0.08713648
11:17:17.434,BABA,52.99,279.1,25.62,6,Done,EUR,b,153.72,226.11,0.02653576
11:17:17.952,TSLA,295.92,178.07,89.26,5,Accepted,GBP,b,446.3,117.85,0.04242681
11:18:01.811,META,297.28,191.72,275.85,9,Cancelled,INR,b,2482.65,105.56,0.08525957
11:18:16.541,GOOGL,21.42,41.95,252.32,4,Dealer_Timeout,INR,b,1009.28,20.53,0.1948368
11:18:19.927,V,282.04,243.72,195.73,13,In_Progress,JPY,s,2544.49,38.32,0.3392484
11:18:46.211,TSLA,195.05,33.27,99.64,8,Cancelled,GBP,b,797.12,161.78,0.04944987
11:18:58.350,NFLX,32.53,177.55,66.83,6,Cancelled,GBP,b,400.98,145.02,0.0413736
11:19:20.511,TSLA,76.32,142.98,204.99,11,Customer_Rejected,EUR,s,2254.89,66.66,0.1650165
11:19:20.933,META,64.85,62.9,104.29,13,Pending_Approval,GBP,s,1355.77,1.95,6.666667
11:19:25.668,V,160.75,136.79,100.99,4,Partially_Done,EUR,s,403.96,23.96,0.1669449
11:19:57.941,V,21.97,170.01,142.55,3,Expired,EUR,s,427.65,148.04,0.02026479
11:20:00.189,APPL,218.37,76.92,67.31,11,Customer_Timeout,USD,b,740.41,141.45,0.077766
11:20:07.786,BABA,236.85,203.96,221.26,1,Cancelled,GBP,b,221.26,32.89,0.03040438
11:20:08.061,TSLA,144.64,260.25,283.88,13,Customer_Rejected,EUR,b,3690.44,115.61,0.112447
11:20:45.843,META,40,235.99,124.75,13,Pending_Approval,JPY,s,1621.75,195.99,0.06632991
11:20:49.237,BABA,58.1,71.98,140.86,9,Dealer_Rejected,JPY,b,1267.74,13.88,0.648415
11:20:57.542,V,115.89,139.79,277.36,8,Dealer_Rejected,USD,s,2218.88,23.9,0.334728
11:21:01.603,V,71.9,113.68,195.38,4,Partially_Done,INR,b,781.52,41.78,0.09573959
11:21:22.694,MSFT,254.53,200.9,39.06,12,Accepted,JPY,b,468.72,53.63,0.2237554
11:21:27.277,V,127.74,71.6,192.53,5,In_Progress,EUR,b,962.65,56.14,0.08906306
11:21:27.419,NFLX,93.21,108.71,247.21,3,Cancelled,USD,s,741.63,15.5,0.1935484
11:21:39.013,TSLA,139.27,290.02,88.21,4,In_Progress,USD,s,352.84,150.75,0.026534
11:22:23.410,V,207.4,89.6,244.3,14,Customer_Timeout,JPY,b,3420.2,117.8,0.1188455
11:23:20.502,GOOGL,30.92,150.94,299.05,7,Done,USD,s,2093.35,120.02,0.05832361
11:24:03.789,MSFT,270.66,278.02,139.98,11,Customer_Timeout,JPY,b,1539.78,7.36,1.494565
11:24:06.236,V,214.44,293.54,36.06,4,On_hold,EUR,b,144.24,79.1,0.0505689
11:24:09.931,GOOGL,275.98,193.25,125.93,7,Pending_Approval,GBP,s,881.51,82.73,0.0846126
11:24:22.704,TSLA,244.14,268.68,188.18,4,Accepted,JPY,b,752.72,24.54,0.1629992
11:25:05.689,MSFT,56.92,152.15,160.34,15,Partially_Done,GBP,b,2405.1,95.23,0.1575134
11:25:20.827,META,91.56,167.56,199.7,6,Partially_Done,USD,b,1198.2,76,0.07894737
11:25:28.981,META,126.7,242.45,254.01,1,Expired,INR,b,254.01,115.75,0.008639309
11:26:21.542,BABA,113.02,65.16,39.15,9,Done,USD,b,352.35,47.86,0.1880485
11:26:46.840,GOOGL,55.27,113.94,56.67,9,Dealer_Timeout,GBP,b,510.03,58.67,0.1534004
11:26:48.011,META,163.19,66.07,80.52,15,Dealer_Timeout,INR,b,1207.8,97.12,0.1544481
11:26:55.831,TSLA,163.21,255.23,238.78,6,Customer_Rejected,JPY,b,1432.68,92.02,0.06520322
11:27:08.086,MSFT,62.47,40.07,122.97,15,On_hold,GBP,s,1844.55,22.4,0.6696429
11:28:04.873,META,136.94,201.28,184.19,11,On_hold,JPY,s,2026.09,64.34,0.1709667
11:28:10.847,V,264.12,201.89,252.36,3,On_hold,USD,b,757.08,62.23,0.04820826
11:28:12.937,GOOGL,88.29,50.91,198.13,8,On_hold,JPY,b,1585.04,37.38,0.2140182
11:28:14.059,BABA,212.23,254.68,206.22,8,In_Progress,USD,b,1649.76,42.45,0.188457
11:28:28.690,NFLX,209.87,115.35,199.31,7,Customer_Rejected,USD,s,1395.17,94.52,0.0740584
11:28:42.032,V,233.96,164.43,178.45,5,Partially_Done,JPY,b,892.25,69.53,0.07191141
11:28:45.275,MSFT,174.21,60.56,164.57,2,Pending_Approval,USD,b,329.14,113.65,0.01759789
11:28:48.487,MSFT,86.41,168.93,187.29,8,Dealer_Rejected,GBP,b,1498.32,82.52,0.09694619
11:28:55.550,APPL,296.47,22.79,284.19,6,Expired,INR,b,1705.14,273.68,0.02192341
11:29:14.041,V,59.68,82.04,210.76,11,Pending_Approval,USD,s,2318.36,22.36,0.4919499
11:29:18.414,APPL,279.71,24.33,120.63,6,Dealer_Timeout,USD,s,723.78,255.38,0.0234944
11:29:19.599,GOOGL,35.85,276.08,286.71,2,Expired,JPY,b,573.42,240.23,0.008325355
11:29:59.964,GOOGL,299.41,267.99,267.59,9,Dealer_Rejected,GBP,s,2408.31,31.42,0.2864418
11:30:14.595,MSFT,153.87,159.41,121.2,12,Customer_Rejected,GBP,s,1454.4,5.54,2.166065
11:30:40.000,NFLX,76.12,63.35,130.09,14,Dealer_Timeout,JPY,s,1821.26,12.77,1.096319
11:30:41.002,TSLA,197.11,246.63,276.56,9,Customer_Timeout,EUR,b,2489.04,49.52,0.1817447
11:30:41.653,APPL,212.96,93.53,76.29,13,Dealer_Rejected,EUR,b,991.77,119.43,0.1088504
11:30:59.287,APPL,81.17,249.47,185.14,9,Accepted,USD,b,1666.26,168.3,0.05347594
11:31:37.619,V,29.21,71.99,265.8,6,In_Progress,USD,b,1594.8,42.78,0.1402525
11:32:53.231,GOOGL,137.56,188.87,36.27,13,In_Progress,JPY,s,471.51,51.31,0.2533619
11:33:27.401,V,271.99,104.57,171.69,11,Pending_Approval,JPY,b,1888.59,167.42,0.06570302
11:33:41.659,GOOGL,25.26,142.93,294.41,6,Dealer_Timeout,USD,b,1766.46,117.67,0.05099006
11:33:50.279,BABA,114.29,267.48,155.4,6,Cancelled,USD,b,932.4,153.19,0.03916705
11:34:02.023,GOOGL,24.25,150.71,137.61,15,Dealer_Rejected,JPY,b,2064.15,126.46,0.1186146
11:34:23.235,BABA,159.32,280.29,202.12,11,Accepted,EUR,b,2223.32,120.97,0.09093164
11:34:27.650,MSFT,77.7,218.02,294.37,15,Pending_Approval,USD,s,4415.55,140.32,0.1068985
11:35:12.425,V,93.86,32.89,178.51,8,Dealer_Rejected,INR,b,1428.08,60.97,0.1312121
11:35:20.941,BABA,219.6,213.14,173.01,4,Accepted,USD,s,692.04,6.46,0.619195
11:35:40.120,TSLA,91.17,206.83,274.84,7,Expired,USD,b,1923.88,115.66,0.06052222
11:36:12.572,BABA,282.05,209.73,222.46,13,Expired,INR,s,2891.98,72.32,0.1797566
11:36:31.179,MSFT,80.96,274.36,52.28,13,Accepted,JPY,b,679.64,193.4,0.0672182
11:36:36.661,BABA,26.43,209.21,164.97,13,Cancelled,EUR,s,2144.61,182.78,0.07112376
11:37:26.532,NFLX,70.64,42.25,20.5,6,Done,EUR,b,123,28.39,0.211342
11:37:53.135,NFLX,142.98,93.4,70.76,14,Done,GBP,b,990.64,49.58,0.2823719
11:38:16.493,META,173.41,273.73,145.36,7,Done,JPY,s,1017.52,100.32,0.06977671
11:38:19.075,NFLX,112.7,44.77,266.22,5,Dealer_Rejected,EUR,s,1331.1,67.93,0.07360518
11:38:53.831,BABA,113.84,56.05,125.38,6,Done,EUR,s,752.28,57.79,0.1038242
11:39:28.730,TSLA,79.95,212.94,219.51,1,Done,GBP,b,219.51,132.99,0.007519362
11:39:40.646,V,235.45,212.85,153.59,4,Dealer_Rejected,JPY,s,614.36,22.6,0.1769912
11:40:44.267,V,155.66,261.08,168.69,12,Partially_Done,GBP,s,2024.28,105.42,0.1138304
11:40:45.985,TSLA,96.25,145.52,278.25,2,On_hold,JPY,s,556.5,49.27,0.04059265
11:40:54.221,BABA,125.74,127.86,184.79,3,On_hold,INR,s,554.37,2.12,1.415094
11:42:18.600,GOOGL,230.27,101.3,147.24,3,Dealer_Timeout,EUR,s,441.72,128.97,0.02326122
11:43:20.042,MSFT,251.93,222.88,32.73,10,On_hold,EUR,s,327.3,29.05,0.3442341
11:45:14.713,APPL,259.21,168.79,252.92,13,Dealer_Rejected,JPY,b,3287.96,90.42,0.1437735
11:45:35.395,MSFT,52.39,89.71,192.11,6,Done,USD,s,1152.66,37.32,0.1607717
11:46:11.038,APPL,144.77,240.35,47.33,2,Expired,USD,b,94.66,95.58,0.02092488
11:46:20.965,META,213.08,248.32,143.25,11,Expired,EUR,s,1575.75,35.24,0.3121453
11:46:39.330,V,226.03,298.89,248.02,2,Dealer_Rejected,GBP,b,496.04,72.86,0.0274499
11:47:17.036,TSLA,25.31,177.88,276.26,6,Accepted,INR,b,1657.56,152.57,0.03932621
11:48:08.380,APPL,184.43,163.23,116.82,6,Dealer_Timeout,GBP,b,700.92,21.2,0.2830189
11:50:00.758,MSFT,151.8,251.07,164.14,7,Done,GBP,b,1148.98,99.27,0.07051476
11:50:14.896,MSFT,92.7,27.5,48.74,12,Expired,USD,b,584.88,65.2,0.1840491
11:50:50.198,META,231.53,107.8,67.19,9,Pending_Approval,JPY,s,604.71,123.73,0.07273903
11:51:21.879,BABA,185.35,229.73,251.27,14,Dealer_Rejected,JPY,b,3517.78,44.38,0.3154574
11:51:22.237,BABA,286.19,90.07,212.74,12,Dealer_Rejected,EUR,b,2552.88,196.12,0.06118703
11:51:42.138,APPL,237.64,24.53,195.39,4,Dealer_Timeout,GBP,s,781.56,213.11,0.01876965
11:52:58.835,GOOGL,109.74,119.19,185.87,10,Dealer_Timeout,EUR,s,1858.7,9.45,1.058201
11:53:26.049,GOOGL,278.67,220.85,217.21,2,Cancelled,INR,b,434.42,57.82,0.03459011
11:53:39.762,META,119.54,222.29,91.13,3,Accepted,INR,s,273.39,102.75,0.02919708
11:54:24.892,GOOGL,241.18,241.34,171.4,6,Pending_Approval,USD,s,1028.4,0.16,37.5
11:54:28.057,APPL,93.74,82.08,29.61,9,Accepted,EUR,s,266.49,11.66,0.7718696
11:54:41.001,BABA,187.1,255.44,214.2,15,Done,USD,b,3213,68.34,0.2194908
11:54:46.499,GOOGL,94.62,191.62,197.31,10,On_hold,GBP,b,1973.1,97,0.1030928
11:55:01.898,META,86.35,181.67,66.21,14,Customer_Timeout,USD,b,926.94,95.32,0.1468737
11:55:36.720,NFLX,61.81,59.09,276.76,10,Done,USD,b,2767.6,2.72,3.676471
11:55:41.611,BABA,114.78,111.73,238.22,3,Customer_Rejected,EUR,s,714.66,3.05,0.9836066
11:56:42.304,BABA,185.28,52.48,214.36,9,Expired,INR,s,1929.24,132.8,0.06777108
11:56:53.390,BABA,107.71,228.61,67.38,3,Dealer_Timeout,EUR,s,202.14,120.9,0.0248139
11:57:08.282,V,62.14,46.3,151.89,8,Cancelled,EUR,b,1215.12,15.84,0.5050505
11:57:44.724,GOOGL,80.55,85.37,201.94,1,Dealer_Timeout,USD,s,201.94,4.82,0.2074689
11:58:26.164,MSFT,212.17,47.1,271.43,5,Customer_Timeout,EUR,s,1357.15,165.07,0.03029018
11:59:07.762,META,222.34,255.58,251.45,11,Done,EUR,s,2765.95,33.24,0.3309266
12:00:17.124,GOOGL,61.44,158.69,195.99,6,Expired,GBP,s,1175.94,97.25,0.06169666
12:00:44.184,TSLA,106.25,171.95,96.03,4,Cancelled,USD,s,384.12,65.7,0.0608828
12:01:19.726,META,246,142.85,78.8,1,Dealer_Timeout,JPY,b,78.8,103.15,0.009694619
12:01:22.538,META,100.84,175.29,154.63,9,Dealer_Rejected,INR,s,1391.67,74.45,0.1208865
12:01:45.778,MSFT,38.18,211.44,89.79,3,Cancelled,EUR,b,269.37,173.26,0.01731502
12:02:01.014,TSLA,210.5,276.2,131.69,9,On_hold,JPY,s,1185.21,65.7,0.1369863
12:02:12.921,MSFT,186.04,286.52,175.8,6,Dealer_Timeout,GBP,s,1054.8,100.48,0.05971338
12:02:16.113,GOOGL,191.31,148.74,150.72,9,Partially_Done,JPY,s,1356.48,42.57,0.2114165
12:03:07.566,NFLX,22.83,42.48,60.11,7,Accepted,INR,b,420.77,19.65,0.3562341
12:03:20.645,V,281.69,248.15,166.63,4,Customer_Rejected,EUR,b,666.52,33.54,0.1192606
12:03:53.293,GOOGL,272.27,259.11,47.82,2,Dealer_Timeout,USD,b,95.64,13.16,0.1519757
12:04:00.455,TSLA,186.62,187.44,280.85,6,Accepted,INR,s,1685.1,0.82,7.317073
12:04:26.639,V,220.31,283.63,200.84,4,Partially_Done,INR,s,803.36,63.32,0.06317119
12:04:46.953,MSFT,83.43,68.08,113.89,7,Partially_Done,JPY,b,797.23,15.35,0.4560261
12:04:51.895,GOOGL,136.2,91.81,144.62,6,Done,USD,s,867.72,44.39,0.1351656
12:05:04.026,TSLA,46.09,296.45,190.12,3,Dealer_Rejected,INR,b,570.36,250.36,0.01198274
12:05:18.938,META,83.74,185.03,116.5,8,On_hold,EUR,b,932,101.29,0.07898114
12:05:21.135,GOOGL,105.36,206.47,26.87,7,In_Progress,GBP,b,188.09,101.11,0.06923153
12:05:48.853,V,151.34,22.24,173.99,15,Done,EUR,s,2609.85,129.1,0.116189
12:06:35.283,GOOGL,260.47,101.39,94.52,12,Expired,GBP,s,1134.24,159.08,0.07543374
12:06:45.666,META,183.07,90.24,229.12,2,Partially_Done,GBP,s,458.24,92.83,0.02154476
12:07:41.607,NFLX,68.76,272.44,240.59,7,Cancelled,JPY,b,1684.13,203.68,0.03436764
12:08:23.253,META,144.66,171.39,238.25,9,Customer_Timeout,JPY,s,2144.25,26.73,0.3367003
12:08:28.745,TSLA,218.99,106.85,253.64,9,Customer_Timeout,INR,b,2282.76,112.14,0.08025682
12:08:30.767,BABA,220.1,278.52,188.67,10,Dealer_Timeout,USD,s,1886.7,58.42,0.1711743
12:09:11.599,TSLA,150.46,29.93,226.53,7,Customer_Timeout,JPY,s,1585.71,120.53,0.05807683
12:09:23.533,GOOGL,271.47,72.73,267.94,7,Dealer_Timeout,GBP,s,1875.58,198.74,0.0352219
12:09:23.611,GOOGL,57.76,278.05,285.13,11,Accepted,INR,b,3136.43,220.29,0.04993418
12:09:38.325,BABA,223.45,35.96,127.39,15,Expired,USD,s,1910.85,187.49,0.08000427
12:10:16.871,MSFT,255.51,151.09,206.75,10,Dealer_Rejected,EUR,s,2067.5,104.42,0.09576709
12:10:22.645,V,83.6,108.62,92.12,5,Dealer_Rejected,EUR,s,460.6,25.02,0.1998401
12:11:47.192,BABA,33.74,264.83,188.47,3,Accepted,GBP,b,565.41,231.09,0.01298196
12:11:48.567,APPL,168.09,26.86,152.33,3,Dealer_Timeout,GBP,b,456.99,141.23,0.02124195
12:12:02.433,META,296.15,262.59,196.63,3,Done,INR,b,589.89,33.56,0.08939213
12:12:07.102,BABA,125.57,248.68,60.74,4,Dealer_Rejected,EUR,s,242.96,123.11,0.03249127
12:13:47.702,V,161.77,70.81,204.36,13,Cancelled,USD,s,2656.68,90.96,0.14292
12:14:16.636,GOOGL,222.95,288.78,144.54,7,Done,EUR,s,1011.78,65.83,0.1063345
12:14:36.267,META,184.17,245.2,60.31,15,In_Progress,GBP,s,904.65,61.03,0.2457808
12:14:40.526,APPL,208.31,122.63,36.81,6,Accepted,JPY,b,220.86,85.68,0.07002801
12:14:50.246,META,95.35,202.37,93.98,4,Customer_Rejected,USD,s,375.92,107.02,0.03737619
12:16:02.864,NFLX,190.36,202.9,255.83,14,Customer_Rejected,GBP,s,3581.62,12.54,1.116427
12:16:16.686,META,208.87,290.38,60.59,1,In_Progress,JPY,b,60.59,81.51,0.01226843
12:16:20.093,TSLA,162.27,215.48,294.5,14,Partially_Done,USD,s,4123,53.21,0.2631084
12:16:31.152,APPL,114.23,99.57,287.11,10,Expired,JPY,b,2871.1,14.66,0.6821282
12:17:23.416,MSFT,149.32,65.16,122.4,2,In_Progress,GBP,s,244.8,84.16,0.02376426
12:19:12.913,GOOGL,262.56,182.8,195.47,10,Customer_Timeout,JPY,b,1954.7,79.76,0.1253761
12:19:17.917,V,275.01,225.05,217.82,4,Cancelled,EUR,s,871.28,49.96,0.08006405
12:19:53.827,GOOGL,129.28,40.83,96.27,8,Done,GBP,b,770.16,88.45,0.09044658
12:20:01.704,NFLX,297.33,33.65,137.07,7,Dealer_Timeout,GBP,b,959.49,263.68,0.02654733
12:20:12.594,TSLA,177.05,288.23,281.05,4,Partially_Done,EUR,b,1124.2,111.18,0.03597769
12:20:27.870,NFLX,178.65,251.73,76.56,1,Dealer_Rejected,GBP,b,76.56,73.08,0.01368363
12:20:28.226,NFLX,111.08,215.87,181.45,1,Done,JPY,b,181.45,104.79,0.009542895
12:20:46.984,APPL,236.68,277.12,184.08,10,On_hold,INR,b,1840.8,40.44,0.2472799
12:21:14.157,MSFT,115.45,186.08,278.01,10,Expired,JPY,b,2780.1,70.63,0.1415829
12:21:38.311,APPL,187.71,176.79,151.51,7,Accepted,USD,b,1060.57,10.92,0.6410256
12:21:48.079,BABA,42.15,79.25,141.23,1,Expired,GBP,s,141.23,37.1,0.02695418
12:21:49.406,GOOGL,273.21,271.69,101.15,5,On_hold,JPY,s,505.75,1.52,3.289474
12:22:01.588,NFLX,234.49,289.02,160.13,6,Dealer_Rejected,USD,b,960.78,54.53,0.1100312
12:22:08.088,MSFT,142,284.74,165.83,13,Cancelled,INR,s,2155.79,142.74,0.09107468
12:22:46.549,TSLA,133.1,242.23,225.34,13,Customer_Rejected,JPY,s,2929.42,109.13,0.119124
12:24:04.946,META,38.2,197.19,261.78,6,Customer_Rejected,USD,s,1570.68,158.99,0.03773822
12:24:24.744,BABA,42.05,164.04,119.15,7,Customer_Rejected,EUR,s,834.05,121.99,0.05738175
12:24:34.285,TSLA,188.46,78.01,49.88,4,Dealer_Timeout,USD,b,199.52,110.45,0.03621548
12:24:52.030,APPL,72.05,241.69,37.06,5,Pending_Approval,INR,s,185.3,169.64,0.02947418
12:25:20.897,BABA,225.13,225.11,158.19,11,Expired,USD,b,1740.09,0.02,550
12:25:27.117,V,173.37,298.99,260.97,13,Dealer_Timeout,JPY,b,3392.61,125.62,0.1034867
12:25:35.039,BABA,227.09,268.61,96.37,12,Customer_Rejected,EUR,s,1156.44,41.52,0.2890173
12:25:41.693,APPL,220.75,175.85,81.23,6,Done,INR,b,487.38,44.9,0.1336303
12:26:38.770,NFLX,128.46,253.67,195.7,12,Accepted,GBP,s,2348.4,125.21,0.09583899
12:26:44.817,NFLX,237.17,138.89,93.22,4,On_hold,USD,s,372.88,98.28,0.04070004
12:27:16.488,META,247.99,86.47,144.58,12,Accepted,JPY,b,1734.96,161.52,0.07429421
12:27:18.906,BABA,117.37,104.91,104.46,9,Cancelled,JPY,s,940.14,12.46,0.7223114
12:28:22.778,V,150.01,255.53,180.29,8,Customer_Timeout,USD,s,1442.32,105.52,0.07581501
12:28:29.907,MSFT,139.02,160.04,296.19,11,Customer_Timeout,USD,s,3258.09,21.02,0.5233111
12:28:44.162,NFLX,265.37,299.84,292.92,1,Dealer_Rejected,GBP,b,292.92,34.47,0.02901073
12:28:58.871,TSLA,257.89,78.51,40.72,5,Dealer_Rejected,JPY,s,203.6,179.38,0.02787379
12:29:27.516,META,272.71,117.02,245.7,14,Done,INR,s,3439.8,155.69,0.08992228
12:29:54.508,TSLA,59.21,180.46,170.45,1,Accepted,GBP,s,170.45,121.25,0.008247423
12:29:59.675,META,245.52,117.31,208.86,11,Partially_Done,EUR,b,2297.46,128.21,0.08579674
12:30:08.675,V,79.31,95.34,148.78,10,Pending_Approval,EUR,s,1487.8,16.03,0.6238303
12:31:41.348,TSLA,179.99,185.81,123.68,10,Dealer_Timeout,EUR,s,1236.8,5.82,1.718213
12:32:07.464,META,92.13,167.54,267.9,2,Expired,INR,b,535.8,75.41,0.02652168
12:32:27.310,MSFT,142.25,177.97,149.08,9,On_hold,EUR,b,1341.72,35.72,0.2519597
12:32:31.274,GOOGL,145.54,130.66,98.77,6,In_Progress,GBP,b,592.62,14.88,0.4032258
12:32:36.306,BABA,298.14,278.36,116.59,14,Expired,USD,b,1632.26,19.78,0.7077856
12:33:48.302,BABA,188.94,230.69,234.7,10,Cancelled,INR,s,2347,41.75,0.239521
12:34:00.737,MSFT,258.22,70.52,149.33,8,On_hold,USD,s,1194.64,187.7,0.0426212
12:34:14.571,APPL,164.82,292.22,23.85,15,Accepted,INR,s,357.75,127.4,0.1177394
12:34:32.605,APPL,112.34,299.22,139.24,9,Done,JPY,b,1253.16,186.88,0.04815925
12:35:12.047,MSFT,240.55,294.79,66.28,5,Pending_Approval,JPY,b,331.4,54.24,0.09218289
12:35:31.243,GOOGL,32.17,39.6,256.5,1,Dealer_Rejected,INR,b,256.5,7.43,0.1345895
12:35:42.011,APPL,289.73,250.96,151.08,7,Customer_Rejected,JPY,s,1057.56,38.77,0.180552
12:36:35.901,NFLX,153.64,254.99,205.64,5,On_hold,USD,s,1028.2,101.35,0.04933399
12:36:39.927,META,165.9,174.57,224.93,4,In_Progress,INR,b,899.72,8.67,0.461361
12:36:50.512,NFLX,140.19,53.56,23.8,5,In_Progress,USD,s,119,86.63,0.05771673
12:37:49.917,META,226.47,121.21,193.6,10,Pending_Approval,EUR,b,1936,105.26,0.09500285
12:38:07.637,TSLA,125.69,257.88,68.23,14,Accepted,USD,s,955.22,132.19,0.1059082
12:38:12.014,MSFT,219.66,69.05,199.66,7,Customer_Rejected,EUR,b,1397.62,150.61,0.04647766
12:38:35.323,APPL,136.21,250.46,101.27,6,In_Progress,USD,s,607.62,114.25,0.05251641
12:38:46.931,APPL,258.58,188.52,265.84,3,Customer_Rejected,JPY,s,797.52,70.06,0.04282044
12:38:47.242,NFLX,267.82,199.16,66.57,2,Customer_Timeout,USD,s,133.14,68.66,0.02912904
12:39:14.214,BABA,165.07,33.79,176.88,6,Customer_Rejected,JPY,s,1061.28,131.28,0.04570384
12:40:11.110,APPL,98.64,175.39,82.85,1,Pending_Approval,USD,s,82.85,76.75,0.01302932
12:40:27.167,TSLA,294.32,279.87,179.4,3,Dealer_Timeout,INR,b,538.2,14.45,0.2076125
12:40:28.089,GOOGL,272.39,170.74,38.39,11,Accepted,INR,b,422.29,101.65,0.1082145
12:40:52.275,META,212.81,145.57,169.59,15,On_hold,EUR,b,2543.85,67.24,0.2230815
12:41:23.673,APPL,142.76,145.96,28.72,1,Customer_Timeout,JPY,b,28.72,3.2,0.3125
12:41:27.345,APPL,79.94,274.01,109.66,9,Customer_Timeout,USD,b,986.94,194.07,0.04637502
12:41:27.718,META,35.93,39.37,124.89,8,Dealer_Timeout,USD,b,999.12,3.44,2.325581
12:41:46.761,NFLX,210.03,165.34,189.11,6,Customer_Timeout,INR,b,1134.66,44.69,0.1342582
12:42:43.532,APPL,94.08,189.74,158.16,10,On_hold,USD,s,1581.6,95.66,0.1045369
12:42:45.539,V,251.45,178.08,74.43,1,Customer_Timeout,USD,b,74.43,73.37,0.01362955
12:43:00.046,META,287.4,272.2,162.08,9,Dealer_Timeout,GBP,s,1458.72,15.2,0.5921053
12:43:26.023,V,116.34,140.41,152.48,7,Dealer_Rejected,EUR,b,1067.36,24.07,0.2908184
12:43:41.342,APPL,254.04,122.43,196.04,3,In_Progress,USD,s,588.12,131.61,0.02279462
12:43:47.386,MSFT,27.91,126.62,113.82,8,Done,INR,b,910.56,98.71,0.08104549
12:43:48.269,V,45.34,50.77,32.43,3,Pending_Approval,GBP,s,97.29,5.43,0.5524862
12:43:55.129,APPL,93.91,82.62,296.17,11,On_hold,GBP,s,3257.87,11.29,0.9743136
12:45:15.416,GOOGL,247.35,200.34,152.23,14,Cancelled,EUR,b,2131.22,47.01,0.297809
12:45:44.855,MSFT,148.14,146.98,199.43,11,Customer_Rejected,EUR,b,2193.73,1.16,9.482759
12:46:27.984,V,158.09,82.48,52.97,2,Dealer_Timeout,JPY,b,105.94,75.61,0.02645153
12:46:32.925,META,259.33,232.25,97.57,9,Accepted,INR,b,878.13,27.08,0.3323486
12:46:43.612,META,152.55,129.82,156.75,8,In_Progress,INR,s,1254,22.73,0.3519578
12:47:33.557,V,119.13,233.91,31.81,8,Customer_Rejected,INR,b,254.48,114.78,0.06969855
12:47:49.601,APPL,114.2,34.82,193.22,14,Dealer_Timeout,INR,s,2705.08,79.38,0.1763668
12:47:50.300,TSLA,49.02,245.21,67.61,9,In_Progress,GBP,b,608.49,196.19,0.0458739
12:48:02.546,META,49.44,264.27,104.5,9,Dealer_Rejected,EUR,b,940.5,214.83,0.04189359
12:48:04.454,GOOGL,290.28,22.26,245.81,10,Partially_Done,INR,s,2458.1,268.02,0.03731065
12:48:50.869,GOOGL,262.14,258.24,69.8,13,Expired,JPY,b,907.4,3.9,3.333333
12:49:08.174,APPL,110.69,183.15,265.83,4,Accepted,GBP,b,1063.32,72.46,0.05520287
12:50:05.176,GOOGL,28.73,240.19,294.09,8,Pending_Approval,JPY,b,2352.72,211.46,0.03783221
12:50:18.109,GOOGL,68.52,82.22,41.79,15,On_hold,USD,s,626.85,13.7,1.094891
12:50:22.271,GOOGL,27,101.5,36.45,12,Dealer_Rejected,JPY,b,437.4,74.5,0.1610738
12:50:37.788,APPL,288.41,253.48,282.33,11,Expired,JPY,b,3105.63,34.93,0.3149155
12:52:13.970,MSFT,202.64,143.57,33.63,13,Accepted,JPY,b,437.19,59.07,0.2200779
12:52:59.972,TSLA,169.5,225.36,46.39,7,Partially_Done,JPY,s,324.73,55.86,0.1253133
12:53:06.376,NFLX,174.89,40.37,284.2,5,Cancelled,GBP,s,1421,134.52,0.03716919
12:54:09.330,TSLA,288.33,27.75,239.35,13,Customer_Timeout,GBP,s,3111.55,260.58,0.04988871
12:55:26.774,GOOGL,205.76,264.01,292.26,11,Dealer_Rejected,JPY,s,3214.86,58.25,0.1888412
12:56:50.266,V,204.94,243.98,20.25,6,Cancelled,GBP,b,121.5,39.04,0.1536885
12:57:34.717,META,259.02,125.45,91.15,5,Expired,INR,s,455.75,133.57,0.03743356
12:57:39.320,NFLX,117.79,273.25,261.74,3,Dealer_Rejected,USD,s,785.22,155.46,0.01929757
12:57:47.672,TSLA,236.88,52.76,106.52,8,Partially_Done,GBP,s,852.16,184.12,0.04344992
12:57:54.269,NFLX,134.41,100.65,127.56,10,Dealer_Timeout,GBP,s,1275.6,33.76,0.2962085
12:58:03.164,BABA,295.71,44.76,27.32,5,On_hold,EUR,s,136.6,250.95,0.01992429
12:58:18.512,BABA,76.86,238.42,88.34,12,Done,JPY,b,1060.08,161.56,0.07427581
12:58:30.567,GOOGL,167.34,49.74,169.49,10,In_Progress,USD,s,1694.9,117.6,0.08503401
12:59:11.328,GOOGL,45.08,140.28,60.35,12,Dealer_Rejected,INR,s,724.2,95.2,0.1260504
12:59:18.524,MSFT,236.91,248.76,233.31,1,Expired,INR,s,233.31,11.85,0.08438819
12:59:30.628,APPL,266.38,274.7,63.87,6,Done,USD,s,383.22,8.32,0.7211538
12:59:39.797,META,76.51,245.4,43.75,4,Accepted,JPY,b,175,168.89,0.02368405
12:59:44.203,BABA,289.11,68.38,283.1,4,Dealer_Rejected,EUR,s,1132.4,220.73,0.01812169
12:59:46.170,BABA,185.75,176.69,145.43,10,Customer_Rejected,GBP,b,1454.3,9.06,1.103753
12:59:46.217,APPL,30.6,261.43,257.46,11,On_hold,USD,s,2832.06,230.83,0.04765412
12:59:57.703,GOOGL,76.02,222.18,75.95,4,Cancelled,GBP,b,303.8,146.16,0.02736727
13:00:20.344,META,32.78,133.78,138.67,13,Expired,USD,s,1802.71,101,0.1287129
13:00:45.799,MSFT,224.57,71.72,271.82,1,Done,EUR,s,271.82,152.85,0.006542362
13:00:55.156,APPL,113.39,217.1,76.2,3,Accepted,USD,s,228.6,103.71,0.02892682
13:01:18.870,GOOGL,77.52,77.15,229.55,11,Partially_Done,JPY,s,2525.05,0.37,29.72973
13:01:23.141,TSLA,91.95,83.14,137.44,13,Pending_Approval,GBP,b,1786.72,8.81,1.475596
13:01:32.815,APPL,234.89,139.53,250.8,1,Done,GBP,s,250.8,95.36,0.01048658
13:01:36.044,TSLA,70.01,274.16,99.21,7,Expired,INR,b,694.47,204.15,0.03428851
13:01:36.109,META,70.57,222.97,193.98,10,Cancelled,EUR,s,1939.8,152.4,0.0656168
13:01:37.677,NFLX,174.22,78.19,75.8,1,Accepted,GBP,b,75.8,96.03,0.01041341
13:01:41.199,V,20.85,22.78,133.88,2,Accepted,EUR,s,267.76,1.93,1.036269
13:01:50.902,MSFT,31.29,275.87,165.62,15,Customer_Timeout,INR,s,2484.3,244.58,0.06132963
13:02:11.138,TSLA,266.44,26.01,247.4,8,Dealer_Timeout,GBP,b,1979.2,240.43,0.03327372
13:02:20.449,BABA,69.19,236.82,240.7,14,In_Progress,GBP,s,3369.8,167.63,0.08351727
13:02:21.482,MSFT,81.24,274.67,271.12,7,On_hold,USD,b,1897.84,193.43,0.0361888
13:02:53.985,TSLA,290.16,172.48,261.51,10,On_hold,USD,s,2615.1,117.68,0.08497621
13:03:25.245,BABA,28.03,30.45,62.93,5,Accepted,USD,b,314.65,2.42,2.066116
13:03:50.247,NFLX,284.4,30.77,35.89,6,Customer_Timeout,USD,b,215.34,253.63,0.02365651
13:04:11.866,BABA,97.66,72.24,250.06,10,Dealer_Timeout,USD,s,2500.6,25.42,0.393391
13:04:15.694,TSLA,221,242.15,190.89,7,Pending_Approval,JPY,s,1336.23,21.15,0.3309693
13:04:47.120,TSLA,84.91,228.63,104.02,11,Dealer_Timeout,GBP,s,1144.22,143.72,0.07653771
13:06:12.367,GOOGL,260.44,291.53,212.22,14,Done,JPY,b,2971.08,31.09,0.4503056
13:06:20.956,GOOGL,132.8,104.01,134,14,Dealer_Rejected,INR,b,1876,28.79,0.48628
13:06:37.588,META,293.85,28.94,232.24,14,Accepted,JPY,b,3251.36,264.91,0.05284814
13:06:40.466,NFLX,36.19,124.98,206.35,5,Pending_Approval,JPY,b,1031.75,88.79,0.05631265
13:07:31.393,NFLX,215.72,271.75,160.66,15,On_hold,EUR,s,2409.9,56.03,0.2677137
13:07:38.974,BABA,269.64,162.11,58.09,5,Pending_Approval,EUR,s,290.45,107.53,0.04649865
13:08:09.884,NFLX,68.41,228.55,229.3,8,Accepted,INR,s,1834.4,160.14,0.04995629
13:08:12.246,V,235.16,22.49,196.59,3,Dealer_Timeout,GBP,s,589.77,212.67,0.01410636
13:09:08.799,GOOGL,126.28,39.53,136.3,6,Dealer_Timeout,USD,b,817.8,86.75,0.06916427
13:09:09.889,TSLA,208.51,264.68,230.62,8,In_Progress,JPY,b,1844.96,56.17,0.1424248
13:09:34.882,MSFT,278.63,272.04,59.67,14,Expired,EUR,s,835.38,6.59,2.124431
13:10:48.938,APPL,158.78,253.42,109.5,7,Expired,INR,s,766.5,94.64,0.0739645
13:11:04.389,GOOGL,210.45,257.96,55.37,6,Partially_Done,GBP,b,332.22,47.51,0.1262892
13:11:09.135,V,257.61,256.62,128.05,13,Done,INR,s,1664.65,0.99,13.13131
13:12:01.305,MSFT,252.4,44.95,76.61,7,Expired,GBP,b,536.27,207.45,0.03374307
13:12:20.937,TSLA,152.91,25,297.35,13,Done,EUR,s,3865.55,127.91,0.101634
13:13:44.560,V,57.16,212.4,23.94,7,Accepted,INR,s,167.58,155.24,0.04509147
13:13:56.296,GOOGL,98.61,25.6,45.52,12,Expired,EUR,b,546.24,73.01,0.164361
13:14:12.421,TSLA,243.98,187.78,94.62,9,Expired,INR,b,851.58,56.2,0.1601423
13:14:35.274,GOOGL,154.38,123.17,297.06,7,Cancelled,USD,s,2079.42,31.21,0.2242871
13:14:35.753,BABA,49.4,278.84,152.31,8,In_Progress,INR,s,1218.48,229.44,0.0348675
13:14:50.640,BABA,228.48,140.27,85.72,15,Partially_Done,JPY,b,1285.8,88.21,0.1700487
13:15:00.820,MSFT,281.59,154.33,132.4,12,Partially_Done,JPY,b,1588.8,127.26,0.09429514
13:15:08.117,TSLA,140.15,219.1,264.26,1,Customer_Rejected,EUR,s,264.26,78.95,0.01266624
13:15:12.933,TSLA,88.18,71.86,224.93,2,Pending_Approval,GBP,s,449.86,16.32,0.122549
13:15:32.459,GOOGL,221.32,60.77,221.73,1,Expired,INR,b,221.73,160.55,0.006228589
13:15:47.244,NFLX,215.87,146.81,269.21,13,On_hold,GBP,s,3499.73,69.06,0.1882421
13:17:36.647,NFLX,124.65,26.89,210.31,2,Pending_Approval,JPY,s,420.62,97.76,0.02045827
13:18:04.576,NFLX,145.02,43.66,183,11,Accepted,EUR,s,2013,101.36,0.1085241
13:18:10.748,BABA,290.09,124.97,214.89,4,Accepted,GBP,b,859.56,165.12,0.02422481
13:18:19.196,GOOGL,151.55,150.32,289.83,3,In_Progress,INR,s,869.49,1.23,2.439024
13:18:24.124,NFLX,70.13,270.94,106.45,6,Dealer_Timeout,JPY,b,638.7,200.81,0.02987899
13:18:58.099,APPL,245.68,135.36,53.85,13,Customer_Timeout,EUR,b,700.05,110.32,0.117839
13:19:03.440,V,159.18,120.27,232.86,7,Cancelled,INR,s,1630.02,38.91,0.1799023
13:19:26.021,MSFT,62.04,78.1,48.64,13,In_Progress,JPY,b,632.32,16.06,0.8094645
13:21:03.749,NFLX,201.37,24.11,160.41,5,Partially_Done,GBP,b,802.05,177.26,0.02820715
13:21:55.244,APPL,167.75,260.83,251.07,14,Pending_Approval,EUR,s,3514.98,93.08,0.1504083
13:22:07.595,V,191.32,53.18,69.95,15,Accepted,JPY,b,1049.25,138.14,0.1085855
13:22:08.750,META,118.16,214.06,160.43,14,Accepted,JPY,b,2246.02,95.9,0.1459854
13:22:38.923,MSFT,68.29,245.39,258.07,10,In_Progress,EUR,s,2580.7,177.1,0.05646527
13:22:51.595,TSLA,59.68,28.99,103.18,10,Dealer_Rejected,USD,b,1031.8,30.69,0.325839
13:23:34.172,MSFT,171.29,176.26,135.13,5,Expired,GBP,b,675.65,4.97,1.006036
13:23:47.423,TSLA,213.01,223.86,170.38,8,Done,EUR,b,1363.04,10.85,0.7373272
13:24:20.320,MSFT,121.6,68.65,196.13,10,Expired,GBP,b,1961.3,52.95,0.1888574
13:24:59.650,NFLX,293.05,84.84,234.33,1,Customer_Timeout,USD,s,234.33,208.21,0.004802843
13:25:09.620,META,291.76,232.55,254.6,11,Expired,USD,b,2800.6,59.21,0.1857794
13:25:31.315,GOOGL,181.57,81.13,129.77,11,Accepted,EUR,s,1427.47,100.44,0.1095181
13:26:52.816,TSLA,236.72,35.12,87.79,10,Done,JPY,s,877.9,201.6,0.04960317
13:27:15.215,TSLA,149.88,218,100.36,11,Accepted,JPY,s,1103.96,68.12,0.1614797
13:27:17.155,BABA,156.92,253.69,253.02,10,Customer_Timeout,INR,b,2530.2,96.77,0.1033378
13:27:20.128,APPL,85.1,67.73,241.94,13,Pending_Approval,USD,s,3145.22,17.37,0.7484168
13:27:55.943,TSLA,123.66,217.99,255.09,7,Customer_Rejected,EUR,b,1785.63,94.33,0.07420757
13:28:47.703,BABA,82.68,213.46,69.94,8,Partially_Done,EUR,s,559.52,130.78,0.06117143
13:29:03.454,NFLX,62.91,271.06,26.48,9,On_hold,JPY,s,238.32,208.15,0.04323805
13:29:49.274,GOOGL,92.49,212.54,90.07,11,In_Progress,EUR,s,990.77,120.05,0.09162849
13:30:16.827,BABA,125.02,254.74,63.53,4,Accepted,USD,s,254.12,129.72,0.03083565
13:30:52.652,TSLA,153.61,246.91,242.14,1,Expired,JPY,s,242.14,93.3,0.01071811
13:31:10.012,TSLA,161.82,165.54,34.44,7,Pending_Approval,GBP,b,241.08,3.72,1.88172
13:31:16.892,MSFT,222.14,284.93,152.66,2,Dealer_Rejected,USD,b,305.32,62.79,0.03185221
13:31:26.337,BABA,251.69,222.32,49.23,9,Expired,JPY,b,443.07,29.37,0.3064351
13:31:43.040,META,151.53,167.76,159.73,12,Dealer_Timeout,USD,s,1916.76,16.23,0.7393715
13:34:17.054,MSFT,277.28,249.43,297.57,9,In_Progress,GBP,b,2678.13,27.85,0.3231598
13:34:51.296,GOOGL,40.66,188.76,164.29,6,Customer_Timeout,JPY,b,985.74,148.1,0.04051317
13:35:03.661,GOOGL,195.14,220.74,170.86,5,Expired,EUR,b,854.3,25.6,0.1953125
13:35:20.559,META,59.26,209.32,226.89,3,Dealer_Timeout,JPY,b,680.67,150.06,0.019992
13:35:43.114,TSLA,260.14,260.29,102.57,2,Done,EUR,s,205.14,0.15,13.33333
13:36:42.198,GOOGL,168.99,108.56,211.13,1,In_Progress,EUR,s,211.13,60.43,0.01654807
13:37:04.129,NFLX,124.28,118.71,131.87,14,Partially_Done,JPY,s,1846.18,5.57,2.513465
13:37:48.438,TSLA,66.95,244.6,207.16,7,Done,GBP,s,1450.12,177.65,0.03940332
13:37:50.962,MSFT,151.39,258.89,206.87,8,Dealer_Rejected,USD,s,1654.96,107.5,0.0744186
13:38:03.391,TSLA,161.84,243.24,83.55,12,Done,USD,b,1002.6,81.4,0.1474201
13:38:27.631,V,168.07,77.91,210.13,15,On_hold,JPY,s,3151.95,90.16,0.1663709
13:38:40.303,TSLA,175.94,295.72,217,8,Cancelled,EUR,s,1736,119.78,0.06678911
13:38:49.320,BABA,232.69,79.74,59.1,6,Customer_Rejected,JPY,s,354.6,152.95,0.03922851
13:39:20.602,V,111.61,55.39,80.46,3,Partially_Done,JPY,s,241.38,56.22,0.05336179
13:39:52.200,BABA,187.37,186.82,215.41,13,Customer_Timeout,INR,s,2800.33,0.55,23.63636
13:40:09.299,TSLA,106.03,20.22,114.6,12,Customer_Rejected,JPY,b,1375.2,85.81,0.1398438
13:40:17.604,V,48.9,119.73,61.55,15,Customer_Rejected,INR,b,923.25,70.83,0.2117747
13:40:26.908,BABA,207.73,116.96,231.13,2,Partially_Done,USD,b,462.26,90.77,0.02203371
13:40:31.647,MSFT,220.18,266.33,113.07,13,Customer_Rejected,INR,b,1469.91,46.15,0.2816901
13:41:22.072,BABA,203.43,141.08,131.51,7,On_hold,GBP,s,920.57,62.35,0.1122694
13:41:48.079,GOOGL,61.03,96.66,164.11,14,Customer_Timeout,JPY,s,2297.54,35.63,0.3929273
13:41:56.542,GOOGL,108.75,92.63,168.5,5,Customer_Rejected,JPY,b,842.5,16.12,0.3101737
13:41:57.965,MSFT,264.39,268.13,248,8,Expired,USD,b,1984,3.74,2.139037
13:42:06.685,META,190.37,281.27,292.49,12,Dealer_Rejected,JPY,s,3509.88,90.9,0.1320132
13:42:35.265,TSLA,297.82,20.4,261.11,2,Dealer_Timeout,GBP,b,522.22,277.42,0.007209286
13:43:21.989,TSLA,185.51,111.54,173.46,5,Partially_Done,USD,s,867.3,73.97,0.06759497
13:43:36.185,V,243.18,164.78,137.18,8,Expired,GBP,s,1097.44,78.4,0.1020408
13:44:01.202,META,69.11,202.26,181.41,9,Cancelled,JPY,b,1632.69,133.15,0.06759294
13:44:41.091,META,288.15,91.48,109.07,5,Customer_Timeout,GBP,b,545.35,196.67,0.0254233
13:44:44.128,META,219.96,124.49,252.45,3,Dealer_Rejected,INR,s,757.35,95.47,0.03142348
13:44:59.942,NFLX,133.99,157.08,179.75,8,Pending_Approval,INR,s,1438,23.09,0.3464703
13:45:24.636,TSLA,55.27,198.72,200.5,5,Cancelled,EUR,s,1002.5,143.45,0.03485535
13:45:46.442,MSFT,174.49,71.7,285.45,1,Cancelled,JPY,s,285.45,102.79,0.009728573
13:45:47.898,APPL,240.5,204.35,27.68,13,Customer_Timeout,EUR,s,359.84,36.15,0.3596127
13:45:51.386,BABA,216.46,221.38,196.12,14,Customer_Timeout,INR,b,2745.68,4.92,2.845528
13:45:51.466,GOOGL,224.72,200.58,31.54,7,Customer_Timeout,INR,b,220.78,24.14,0.2899751
13:46:04.840,META,106.93,59.7,72.8,9,On_hold,JPY,s,655.2,47.23,0.1905568
13:46:34.789,GOOGL,85.46,94,190.34,13,Dealer_Rejected,USD,b,2474.42,8.54,1.522248
13:47:07.643,NFLX,213.37,32.82,174.34,1,Customer_Timeout,GBP,s,174.34,180.55,0.005538632
13:47:13.494,GOOGL,286.63,248.39,76.67,4,Expired,INR,b,306.68,38.24,0.1046025
13:47:13.676,V,272.22,158.23,122.95,12,On_hold,GBP,s,1475.4,113.99,0.1052724
13:47:20.040,MSFT,164.58,147.31,124.73,4,Pending_Approval,USD,s,498.92,17.27,0.2316155
13:47:45.414,MSFT,157.43,66.57,216.06,6,Customer_Rejected,GBP,b,1296.36,90.86,0.06603566
13:48:01.416,GOOGL,284.96,109.29,47.98,9,On_hold,JPY,b,431.82,175.67,0.05123242
13:48:06.881,APPL,54.2,87.68,186.26,8,Dealer_Rejected,USD,b,1490.08,33.48,0.2389486
13:48:17.568,NFLX,47.79,270.86,214.27,3,Dealer_Timeout,INR,b,642.81,223.07,0.01344869
13:48:50.966,BABA,90.6,175.52,177.47,3,Dealer_Rejected,USD,b,532.41,84.92,0.03532737
13:49:05.837,BABA,179.22,205.87,295.58,3,On_hold,USD,s,886.74,26.65,0.1125704
13:49:15.435,GOOGL,159.99,230.26,151.36,9,Accepted,GBP,b,1362.24,70.27,0.1280774
13:49:23.870,NFLX,181.4,159.53,99.98,7,Expired,INR,s,699.86,21.87,0.3200732
13:50:02.468,META,172.15,93.53,53.34,11,Expired,JPY,s,586.74,78.62,0.1399135
13:50:52.928,TSLA,179.37,163.92,271.23,5,In_Progress,GBP,s,1356.15,15.45,0.3236246
13:51:16.462,TSLA,51.89,116.36,65.5,12,Accepted,JPY,b,786,64.47,0.1861331
13:52:03.016,NFLX,127.07,204.57,63.58,8,Dealer_Timeout,USD,b,508.64,77.5,0.1032258
13:52:33.705,MSFT,166.47,24.69,273.04,4,Accepted,EUR,s,1092.16,141.78,0.02821272
13:53:07.948,BABA,248.22,37.08,181.7,13,On_hold,INR,b,2362.1,211.14,0.06157052
13:53:21.354,NFLX,258.73,276.66,224.17,12,In_Progress,EUR,s,2690.04,17.93,0.6692694
13:53:30.464,APPL,296.92,220.61,59.48,3,Cancelled,JPY,s,178.44,76.31,0.03931333
13:53:42.502,TSLA,99.12,112.03,277.54,11,Expired,JPY,b,3052.94,12.91,0.8520527
13:53:44.163,APPL,75.66,81.21,78.47,9,Partially_Done,JPY,b,706.23,5.55,1.621622
13:54:30.300,META,286.96,70.89,241.88,15,Customer_Timeout,INR,s,3628.2,216.07,0.06942195
13:55:03.511,TSLA,153.36,205.99,257.11,2,On_hold,JPY,b,514.22,52.63,0.03800114
13:55:22.108,APPL,143.98,167,22.65,13,Partially_Done,USD,s,294.45,23.02,0.5647263
13:55:26.729,META,155.19,123.02,244.57,10,In_Progress,USD,b,2445.7,32.17,0.3108486
13:55:48.316,V,107.59,132.73,193.15,15,Dealer_Timeout,GBP,b,2897.25,25.14,0.5966587
13:55:54.560,BABA,61.51,223.52,82.94,6,On_hold,GBP,b,497.64,162.01,0.03703475
13:56:01.001,META,75.48,254.56,101.24,3,Dealer_Rejected,EUR,b,303.72,179.08,0.01675229
13:56:11.725,GOOGL,279.62,187.53,39.05,1,Partially_Done,INR,s,39.05,92.09,0.01085894
13:56:22.961,MSFT,284.04,277.36,27.64,11,Dealer_Timeout,INR,s,304.04,6.68,1.646707
13:56:47.515,META,229.65,24.95,168.23,7,Cancelled,INR,s,1177.61,204.7,0.03419638
13:57:04.066,GOOGL,231.07,237,28.08,14,Partially_Done,JPY,b,393.12,5.93,2.360877
13:57:07.849,BABA,27.14,165.12,199.45,15,Cancelled,JPY,b,2991.75,137.98,0.1087114
13:57:08.234,TSLA,279.56,113.03,262.4,4,In_Progress,USD,s,1049.6,166.53,0.0240197
13:57:17.332,TSLA,207.14,126.15,275.73,1,Expired,INR,s,275.73,80.99,0.0123472
13:57:41.457,META,200.12,180.12,121.46,1,In_Progress,GBP,s,121.46,20,0.05
13:57:56.521,GOOGL,73.97,23.41,48.86,12,Done,USD,b,586.32,50.56,0.2373418
13:58:53.338,TSLA,266.34,23.93,212.16,8,Dealer_Rejected,EUR,s,1697.28,242.41,0.03300194
13:59:26.863,NFLX,24.14,144.93,210.57,3,Dealer_Rejected,GBP,s,631.71,120.79,0.02483649
14:00:38.187,GOOGL,81.58,170.95,155.53,15,On_hold,INR,s,2332.95,89.37,0.1678416
14:00:39.985,GOOGL,235.59,254.85,241.41,15,In_Progress,USD,b,3621.15,19.26,0.7788162
14:01:02.094,BABA,67.95,195.9,229.53,12,On_hold,JPY,b,2754.36,127.95,0.09378664
14:01:18.202,TSLA,232.88,210.14,231.74,1,Partially_Done,INR,s,231.74,22.74,0.04397537
14:01:31.813,NFLX,252.73,182.44,22.73,11,Expired,EUR,s,250.03,70.29,0.1564945
14:01:34.452,V,236.24,178.91,175.25,12,Accepted,EUR,s,2103,57.33,0.2093145
14:02:11.291,GOOGL,201.19,238.61,114.22,5,Expired,USD,b,571.1,37.42,0.1336184
14:03:22.569,MSFT,191.03,283.91,179,5,Partially_Done,INR,b,895,92.88,0.0538329
14:03:44.338,BABA,234.54,87.52,74.53,10,Pending_Approval,USD,s,745.3,147.02,0.06801796
14:04:05.755,V,52.3,285.89,121.5,4,On_hold,GBP,s,486,233.59,0.01712402
14:04:24.057,NFLX,160.57,23.82,121.9,9,On_hold,EUR,b,1097.1,136.75,0.06581353
14:04:27.204,MSFT,68.01,160.89,25.51,12,Cancelled,GBP,b,306.12,92.88,0.129199
14:04:27.524,NFLX,23.37,83.12,221.31,11,Customer_Rejected,INR,s,2434.41,59.75,0.1841004
14:04:40.717,APPL,142.67,25.7,29.89,5,Pending_Approval,JPY,b,149.45,116.97,0.042746
14:04:42.418,TSLA,187.27,69.75,60.15,8,Done,EUR,b,481.2,117.52,0.06807352
14:04:57.665,TSLA,51.96,137.39,293.26,9,Pending_Approval,INR,b,2639.34,85.43,0.1053494
14:04:57.742,META,214.07,138.9,113.2,4,Dealer_Timeout,INR,b,452.8,75.17,0.05321272
14:05:05.349,META,146.59,112.89,122.66,5,Dealer_Timeout,GBP,b,613.3,33.7,0.148368
14:05:11.868,MSFT,259.5,267.22,93.68,1,Customer_Rejected,EUR,s,93.68,7.72,0.1295337
14:05:51.952,NFLX,75.2,105.88,216.88,13,Dealer_Rejected,JPY,s,2819.44,30.68,0.4237288
14:06:28.080,APPL,192.06,103.84,281.71,14,Dealer_Rejected,GBP,s,3943.94,88.22,0.1586942
14:06:46.215,NFLX,248.95,76.19,115.93,7,Dealer_Timeout,JPY,b,811.51,172.76,0.04051864
14:07:11.274,NFLX,196.93,234.33,52.64,14,On_hold,JPY,b,736.96,37.4,0.3743316
14:08:08.684,GOOGL,188.01,109.78,180.94,2,Dealer_Timeout,INR,b,361.88,78.23,0.02556564
14:08:39.617,V,48.66,260.32,231.79,5,Done,INR,b,1158.95,211.66,0.02362279
14:08:46.468,BABA,68.49,70.09,138.78,2,Customer_Timeout,JPY,s,277.56,1.6,1.25
14:09:11.685,MSFT,274.27,60.74,129.29,11,Dealer_Rejected,USD,s,1422.19,213.53,0.05151501
14:09:32.269,BABA,72.39,201.15,264.36,7,On_hold,GBP,b,1850.52,128.76,0.05436471
14:09:39.829,APPL,48.48,236.98,178.11,12,On_hold,JPY,b,2137.32,188.5,0.06366048
14:09:51.296,NFLX,238.83,126.08,279.3,8,Customer_Timeout,JPY,s,2234.4,112.75,0.07095344
14:09:52.074,META,119.38,123.61,135.45,9,Customer_Timeout,GBP,b,1219.05,4.23,2.12766
14:11:06.899,V,233.55,164.72,160.16,11,Done,EUR,b,1761.76,68.83,0.159814
14:11:09.727,APPL,53.19,222.51,201.13,10,Customer_Timeout,GBP,s,2011.3,169.32,0.05905977
14:11:12.377,TSLA,91.95,265.21,139.83,2,Pending_Approval,JPY,b,279.66,173.26,0.01154335
14:11:25.010,BABA,87.31,167.46,162.56,12,Cancelled,EUR,s,1950.72,80.15,0.1497193
14:11:37.219,MSFT,24.9,290.59,270.9,4,Customer_Rejected,JPY,s,1083.6,265.69,0.01505514
14:11:52.754,META,297.12,174.28,167.36,11,Customer_Rejected,INR,s,1840.96,122.84,0.08954738
14:12:41.056,MSFT,101.6,132.72,30.32,2,In_Progress,INR,b,60.64,31.12,0.06426735
14:12:59.854,GOOGL,235.67,87.56,167.51,14,Accepted,USD,s,2345.14,148.11,0.09452434
14:13:27.048,V,162.88,41.18,270.37,8,Done,EUR,s,2162.96,121.7,0.06573541
14:13:29.516,NFLX,167.99,227.71,69.84,5,Expired,USD,b,349.2,59.72,0.08372405
14:13:33.638,MSFT,86.79,218.32,66.7,7,Done,EUR,b,466.9,131.53,0.0532198
14:13:43.977,TSLA,268.17,279.03,144.72,1,Done,INR,s,144.72,10.86,0.09208103
14:14:15.931,V,132.85,217.26,70.59,13,Expired,GBP,s,917.67,84.41,0.1540102
14:14:16.764,GOOGL,47.27,153.63,62.73,7,Dealer_Rejected,EUR,b,439.11,106.36,0.06581422
14:14:38.838,GOOGL,277.96,245.44,143.26,3,On_hold,JPY,b,429.78,32.52,0.09225092
14:14:45.085,MSFT,193.89,273.01,81.5,10,Expired,USD,b,815,79.12,0.1263903
14:14:46.279,V,122.97,168.46,218.74,4,Cancelled,EUR,b,874.96,45.49,0.08793141
14:14:48.046,NFLX,94.5,134.02,195.68,9,Dealer_Rejected,USD,s,1761.12,39.52,0.2277328
14:15:12.312,TSLA,286.05,48.15,285.59,4,Dealer_Rejected,USD,s,1142.36,237.9,0.01681379
14:15:51.910,NFLX,221.93,285.97,273.15,7,Customer_Rejected,JPY,s,1912.05,64.04,0.1093067
14:16:01.940,MSFT,115.86,287.9,131.72,9,In_Progress,INR,b,1185.48,172.04,0.05231342
14:16:17.331,META,201.75,24.9,173.33,1,Dealer_Rejected,GBP,b,173.33,176.85,0.005654509
14:16:58.196,TSLA,277.12,87.01,134.4,13,Partially_Done,USD,s,1747.2,190.11,0.06838146
14:17:38.662,V,187.41,285.19,185.09,14,Expired,USD,b,2591.26,97.78,0.1431786
14:18:30.603,NFLX,76.31,202.44,276.93,5,Expired,USD,s,1384.65,126.13,0.03964164
14:18:53.994,MSFT,26.44,215.3,46.58,3,Dealer_Timeout,JPY,b,139.74,188.86,0.01588478
14:20:01.474,TSLA,55.93,222.11,83.72,2,On_hold,INR,b,167.44,166.18,0.01203514
14:20:27.938,APPL,104.76,55.17,240.41,3,In_Progress,JPY,s,721.23,49.59,0.06049607
14:20:32.157,BABA,204.68,110.05,55.76,4,Customer_Rejected,EUR,s,223.04,94.63,0.04226989
14:20:36.899,APPL,286.31,246.53,130.24,8,Accepted,INR,b,1041.92,39.78,0.2011061
14:20:51.422,BABA,272.8,125.32,66.78,4,Expired,JPY,b,267.12,147.48,0.02712232
14:21:06.155,V,155.02,267.44,201.82,10,Dealer_Rejected,GBP,b,2018.2,112.42,0.08895214
14:21:40.003,BABA,20.86,136.33,173.63,13,Cancelled,USD,s,2257.19,115.47,0.1125834
14:21:58.055,V,43.08,270.92,176.16,12,Accepted,USD,s,2113.92,227.84,0.05266854
14:22:30.365,META,78.17,225.72,144.51,7,Accepted,INR,b,1011.57,147.55,0.04744155
14:22:40.780,APPL,75.4,152.38,55.85,1,Pending_Approval,JPY,b,55.85,76.98,0.01299039
14:22:53.910,V,201.95,202.63,120.97,5,Pending_Approval,JPY,s,604.85,0.68,7.352941
14:23:00.977,MSFT,198.64,242.23,156.36,1,Done,GBP,s,156.36,43.59,0.02294104
14:23:30.318,MSFT,110.18,224,200.42,13,On_hold,JPY,b,2605.46,113.82,0.1142154
14:23:40.857,V,60.58,34.68,179.19,14,Expired,EUR,b,2508.66,25.9,0.5405405
14:24:18.474,TSLA,208.73,35.71,141.78,14,On_hold,EUR,s,1984.92,173.02,0.0809155
14:24:40.671,GOOGL,292.21,188.49,112.05,10,Done,USD,b,1120.5,103.72,0.09641342
14:24:44.770,BABA,193.71,69.44,80.67,7,Partially_Done,INR,s,564.69,124.27,0.05632896
14:25:14.172,TSLA,103.08,189.06,204.83,8,In_Progress,USD,s,1638.64,85.98,0.09304489
14:25:22.543,META,194.32,195.93,117.52,7,On_hold,INR,b,822.64,1.61,4.347826
14:26:02.912,BABA,43.96,166.93,291.43,7,Customer_Timeout,EUR,s,2040.01,122.97,0.05692445
14:27:49.761,V,79.41,62.54,152.69,4,In_Progress,INR,s,610.76,16.87,0.2371073
14:28:03.669,NFLX,135.83,197.96,142.32,15,Dealer_Timeout,EUR,s,2134.8,62.13,0.2414293
14:29:13.295,MSFT,94.71,166.41,46.68,1,Done,USD,s,46.68,71.7,0.013947
14:29:14.389,MSFT,173.79,35.44,237.37,11,Pending_Approval,USD,b,2611.07,138.35,0.07950849
14:29:22.546,V,287.64,73.43,291.37,14,Dealer_Rejected,JPY,s,4079.18,214.21,0.06535643
14:29:25.921,META,211.92,160.03,202.12,11,On_hold,INR,s,2223.32,51.89,0.2119869
14:29:47.283,APPL,39.82,253.6,42.29,8,Dealer_Timeout,INR,b,338.32,213.78,0.03742165
14:29:56.047,V,122.58,133.24,35.84,15,Done,USD,s,537.6,10.66,1.407129
14:30:01.488,BABA,229.62,172.36,116.73,6,Accepted,USD,s,700.38,57.26,0.1047852
14:30:26.418,META,120.16,32.43,51.27,9,Expired,INR,b,461.43,87.73,0.1025875
14:30:26.691,TSLA,298.78,280.77,288.33,14,Expired,INR,b,4036.62,18.01,0.7773459
14:30:27.439,APPL,171.57,147.98,114.47,5,Customer_Rejected,EUR,b,572.35,23.59,0.2119542
14:30:40.531,APPL,231.52,133.98,293.45,9,Cancelled,USD,b,2641.05,97.54,0.09226984
14:30:53.231,TSLA,54.65,230.09,173.32,15,Cancelled,EUR,b,2599.8,175.44,0.08549932
14:31:09.127,META,248,223.02,249.15,14,Dealer_Timeout,JPY,s,3488.1,24.98,0.5604484
14:31:14.366,NFLX,245.15,132.67,99.67,7,Accepted,JPY,s,697.69,112.48,0.06223329
14:31:17.428,V,173.08,269.95,204.74,2,Customer_Timeout,GBP,s,409.48,96.87,0.02064623
14:32:03.104,APPL,285.97,53.58,107.12,15,Dealer_Timeout,INR,b,1606.8,232.39,0.06454667
14:33:01.636,TSLA,137.39,69.5,136.61,6,On_hold,JPY,b,819.66,67.89,0.08837826
14:33:04.552,APPL,129.52,46.59,221.17,13,Customer_Rejected,EUR,s,2875.21,82.93,0.1567587
14:33:08.948,META,221.01,236.06,134.22,1,Dealer_Timeout,EUR,b,134.22,15.05,0.06644518
14:33:20.445,MSFT,195.16,291.13,86.67,2,Pending_Approval,GBP,b,173.34,95.97,0.02083985
14:33:25.274,GOOGL,287.48,175.79,279.77,7,Done,USD,b,1958.39,111.69,0.06267347
14:33:45.828,NFLX,244.84,180.82,38.56,3,Partially_Done,JPY,s,115.68,64.02,0.04686036
14:33:56.035,APPL,245.33,133.42,63.53,10,On_hold,JPY,b,635.3,111.91,0.08935752
14:33:56.466,NFLX,199.95,62.94,94.38,11,Expired,USD,b,1038.18,137.01,0.08028611
14:34:13.109,META,235.89,174.4,209.12,9,Dealer_Rejected,GBP,b,1882.08,61.49,0.1463653
14:34:42.248,BABA,111.68,173.15,197.08,8,Done,EUR,b,1576.64,61.47,0.1301448
14:34:52.106,APPL,223.87,276.48,185.67,12,Accepted,JPY,s,2228.04,52.61,0.2280935
14:34:52.753,GOOGL,264.05,22.58,45.72,8,In_Progress,GBP,s,365.76,241.47,0.03313041
14:35:42.065,META,113.01,163.04,170.79,1,Expired,INR,s,170.79,50.03,0.01998801
14:36:19.040,MSFT,236.47,178.72,77.73,1,Expired,INR,b,77.73,57.75,0.01731602
14:36:21.080,TSLA,246.89,182.88,257.5,6,Customer_Rejected,USD,s,1545,64.01,0.09373535
14:36:56.098,TSLA,121.93,203.21,223.63,13,Dealer_Rejected,GBP,s,2907.19,81.28,0.1599409
14:37:17.391,GOOGL,21.4,40.5,285.85,11,Accepted,GBP,b,3144.35,19.1,0.5759162
14:37:40.899,TSLA,60.64,99.9,181.09,12,Accepted,USD,b,2173.08,39.26,0.3056546
14:38:18.919,TSLA,20.23,181.47,127.57,5,Pending_Approval,INR,s,637.85,161.24,0.03100968
14:39:11.985,TSLA,31.43,234.89,106.34,12,Cancelled,EUR,b,1276.08,203.46,0.05897965
14:39:32.733,MSFT,203.54,87.15,155.02,11,In_Progress,INR,s,1705.22,116.39,0.09450984
14:39:45.309,META,114.35,94.17,270.12,12,Expired,INR,b,3241.44,20.18,0.5946482
14:40:19.781,META,102.58,189.01,258.67,5,In_Progress,JPY,b,1293.35,86.43,0.05785028
14:40:22.746,META,51.06,143.58,221.64,6,Pending_Approval,JPY,b,1329.84,92.52,0.06485084
14:40:37.694,APPL,153.98,90.67,265.5,5,On_hold,USD,s,1327.5,63.31,0.07897647
14:40:47.763,NFLX,101.89,132.14,53.9,14,Pending_Approval,EUR,s,754.6,30.25,0.4628099
14:41:27.131,GOOGL,33.72,239.05,100.55,5,Customer_Rejected,JPY,b,502.75,205.33,0.02435104
14:41:36.292,V,169.1,106.93,299.09,2,Dealer_Rejected,JPY,s,598.18,62.17,0.03216986
14:41:55.015,TSLA,202.56,256.78,157.2,13,Pending_Approval,JPY,s,2043.6,54.22,0.2397639
14:42:05.765,GOOGL,40.12,165.48,158.53,13,Pending_Approval,GBP,s,2060.89,125.36,0.1037013
14:42:06.731,BABA,149.08,242.71,132.04,2,Dealer_Timeout,INR,b,264.08,93.63,0.02136067
14:42:10.249,GOOGL,218.14,64.44,169.65,6,Customer_Rejected,JPY,s,1017.9,153.7,0.03903709
14:42:14.194,NFLX,153.74,108.41,137,11,Dealer_Timeout,JPY,s,1507,45.33,0.2426649
14:42:25.740,GOOGL,90.61,175.35,121.5,14,Dealer_Timeout,EUR,s,1701,84.74,0.1652112
14:42:55.434,V,224.43,69.3,299.84,8,Dealer_Timeout,GBP,b,2398.72,155.13,0.05156965
14:43:00.319,META,247.22,289.62,149.91,10,Pending_Approval,GBP,b,1499.1,42.4,0.2358491
14:43:08.747,BABA,187.16,269.05,206.26,6,Dealer_Timeout,JPY,b,1237.56,81.89,0.07326902
14:44:07.407,GOOGL,209.3,97.07,194.45,6,Done,EUR,b,1166.7,112.23,0.05346164
14:44:28.478,MSFT,209.61,176.37,192.21,15,In_Progress,EUR,s,2883.15,33.24,0.4512635
14:44:53.869,META,106.97,257.73,97.87,10,Done,GBP,s,978.7,150.76,0.06633059
14:45:30.999,BABA,209.7,260.01,58.11,2,Accepted,USD,b,116.22,50.31,0.03975353
14:46:39.019,META,80.33,88.37,176.81,9,Dealer_Timeout,USD,b,1591.29,8.04,1.119403
14:46:41.221,V,125.42,218.15,174.46,4,In_Progress,GBP,s,697.84,92.73,0.04313599
14:46:58.255,V,139.65,79.06,176.7,4,Dealer_Rejected,GBP,b,706.8,60.59,0.06601749
14:47:11.197,META,268.19,78.2,277.1,5,In_Progress,INR,b,1385.5,189.99,0.02631717
14:47:56.651,APPL,27.35,58.32,267.3,12,In_Progress,EUR,s,3207.6,30.97,0.3874717
14:48:03.437,MSFT,201.45,248.77,202.98,5,Dealer_Rejected,JPY,s,1014.9,47.32,0.1056636
14:48:14.779,V,163.09,40.57,229.96,12,Cancelled,USD,b,2759.52,122.52,0.09794319
14:48:45.408,V,273.94,20.31,52.72,7,On_hold,GBP,s,369.04,253.63,0.02759926
14:49:09.371,MSFT,79.67,28.55,85.38,1,Pending_Approval,EUR,b,85.38,51.12,0.01956182
14:49:14.250,META,233.15,177.86,61.77,7,Partially_Done,USD,b,432.39,55.29,0.1266052
14:49:19.077,MSFT,291.37,212.78,244.63,1,Customer_Timeout,EUR,b,244.63,78.59,0.01272427
14:49:33.278,GOOGL,54.48,168.3,42.32,1,Customer_Rejected,EUR,s,42.32,113.82,0.008785802
14:49:52.659,MSFT,230.71,105.38,254.72,2,Customer_Rejected,INR,b,509.44,125.33,0.01595787
14:50:28.404,NFLX,185.85,195.76,133.71,3,In_Progress,INR,b,401.13,9.91,0.3027245
14:50:33.612,NFLX,297.93,93.41,91.39,8,Customer_Timeout,INR,s,731.12,204.52,0.03911598
14:51:23.416,V,48.1,188.5,106.1,13,In_Progress,USD,b,1379.3,140.4,0.09259259
14:51:58.779,TSLA,239.66,134.02,152.43,2,In_Progress,INR,s,304.86,105.64,0.01893222
14:52:45.209,APPL,245.31,181.51,199.69,10,Dealer_Rejected,JPY,s,1996.9,63.8,0.1567398
14:53:18.182,MSFT,122.34,218.64,170.65,1,Expired,GBP,b,170.65,96.3,0.01038422
14:53:24.751,META,264.44,142.38,176.45,3,On_hold,USD,b,529.35,122.06,0.02457808
14:53:50.102,V,281.85,147.73,157.96,15,Expired,JPY,b,2369.4,134.12,0.1118401
14:54:36.627,BABA,251.12,298.18,275.3,14,Dealer_Timeout,EUR,b,3854.2,47.06,0.2974926
14:54:40.409,APPL,245.49,177.05,272.96,6,Cancelled,JPY,s,1637.76,68.44,0.08766803
14:56:46.468,V,97.86,201.1,257.52,4,On_hold,JPY,b,1030.08,103.24,0.03874467
14:56:47.038,GOOGL,264.93,174.7,274.29,10,Customer_Rejected,GBP,b,2742.9,90.23,0.1108279
14:57:09.774,GOOGL,217.46,128.15,128.31,9,In_Progress,EUR,b,1154.79,89.31,0.1007726
14:57:27.054,NFLX,171.61,259.82,169.27,7,Accepted,EUR,b,1184.89,88.21,0.07935608
14:57:50.580,TSLA,257.62,113.02,63.02,14,Expired,INR,b,882.28,144.6,0.09681881
14:58:14.193,META,33.02,40.87,202.43,15,On_hold,EUR,s,3036.45,7.85,1.910828
14:58:20.613,NFLX,186.02,276.29,272.76,9,Customer_Rejected,JPY,s,2454.84,90.27,0.0997009
14:58:25.084,APPL,113.17,29.77,122.45,8,Done,JPY,s,979.6,83.4,0.09592326
14:59:00.174,GOOGL,31.73,117.13,105.24,4,Cancelled,EUR,s,420.96,85.4,0.04683841
14:59:26.664,TSLA,105.09,203.06,63.86,15,Partially_Done,JPY,s,957.9,97.97,0.1531081
14:59:35.655,APPL,216.52,86.09,51.48,9,Customer_Rejected,EUR,b,463.32,130.43,0.06900253
14:59:40.077,NFLX,244.76,24.66,22.69,13,Dealer_Timeout,EUR,s,294.97,220.1,0.05906406
14:59:43.436,V,248.65,199.41,183.38,3,Accepted,EUR,b,550.14,49.24,0.06092608
15:00:15.826,GOOGL,129.55,23.1,61.41,14,Dealer_Rejected,GBP,s,859.74,106.45,0.1315171
15:01:32.187,MSFT,74.64,141.1,131.37,15,Dealer_Rejected,GBP,s,1970.55,66.46,0.2256997
15:01:46.390,V,217.93,85.99,192.76,5,Customer_Rejected,USD,s,963.8,131.94,0.03789601
15:01:56.649,NFLX,98.36,37.04,256.43,5,Pending_Approval,EUR,b,1282.15,61.32,0.08153947
15:02:01.286,TSLA,63.9,34.66,285.81,13,Accepted,EUR,b,3715.53,29.24,0.4445964
15:02:18.751,BABA,102.57,161.4,176.78,7,Partially_Done,JPY,s,1237.46,58.83,0.1189869
15:02:20.723,APPL,104.4,83.45,237.97,9,Pending_Approval,USD,s,2141.73,20.95,0.4295943
15:02:23.792,V,40.49,277.02,158.93,3,Dealer_Rejected,INR,b,476.79,236.53,0.01268338
15:02:25.448,APPL,154.22,61.49,108.01,1,Dealer_Timeout,EUR,b,108.01,92.73,0.010784
15:02:42.225,TSLA,103.31,287.92,58.76,2,Done,INR,s,117.52,184.61,0.01083365
15:02:49.777,GOOGL,190.93,201.97,99.58,5,Cancelled,JPY,b,497.9,11.04,0.4528986
15:03:21.082,META,267.93,220.51,21.03,9,On_hold,JPY,b,189.27,47.42,0.1897933
15:03:25.921,APPL,188.95,248.94,130.33,1,Customer_Timeout,USD,s,130.33,59.99,0.01666944
15:03:58.740,APPL,155.49,191.69,113.47,6,Done,USD,s,680.82,36.2,0.1657459
15:04:31.616,GOOGL,67.14,179.85,45.55,15,Dealer_Timeout,GBP,s,683.25,112.71,0.1330849
15:04:38.095,GOOGL,94.17,272.51,263.46,2,Customer_Rejected,INR,s,526.92,178.34,0.01121453
15:05:11.532,BABA,295.32,258.53,40.83,5,Cancelled,GBP,b,204.15,36.79,0.1359065
15:05:33.545,TSLA,166.55,198.86,35.1,12,Expired,GBP,b,421.2,32.31,0.371402
15:05:41.082,TSLA,75.51,53.62,247.86,14,Accepted,USD,b,3470.04,21.89,0.6395614
15:05:50.463,GOOGL,110.63,205.7,23.23,13,Dealer_Timeout,INR,b,301.99,95.07,0.1367413
15:06:05.335,MSFT,186.21,53.07,67.51,6,Expired,INR,s,405.06,133.14,0.04506534
15:06:18.056,MSFT,239.4,22.35,270.91,6,Expired,JPY,b,1625.46,217.05,0.0276434
15:06:56.759,GOOGL,271.9,130.42,44.34,9,Cancelled,GBP,s,399.06,141.48,0.06361323
15:07:24.315,GOOGL,163.39,126.41,163.22,7,Expired,GBP,s,1142.54,36.98,0.1892915
15:08:01.028,TSLA,24.08,189.4,26.6,7,Customer_Rejected,USD,s,186.2,165.32,0.04234212
15:08:07.557,MSFT,146.08,202.93,42.17,12,Partially_Done,USD,s,506.04,56.85,0.2110818
15:08:49.532,APPL,209.92,241.28,55.32,5,Customer_Timeout,JPY,b,276.6,31.36,0.1594388
15:09:18.723,V,274.29,284.6,207.55,2,Customer_Timeout,INR,b,415.1,10.31,0.1939864
15:09:40.143,GOOGL,145.62,46.14,244.26,3,On_hold,JPY,s,732.78,99.48,0.03015682
15:09:49.105,APPL,72.65,122.57,118.33,3,Dealer_Timeout,INR,b,354.99,49.92,0.06009615
15:10:22.643,MSFT,89.52,73.79,104.35,2,Expired,JPY,b,208.7,15.73,0.1271456
15:10:30.106,BABA,193.63,232.2,44.35,15,Dealer_Timeout,EUR,s,665.25,38.57,0.3889033
15:10:43.777,BABA,124.03,285.92,264.41,6,Cancelled,GBP,b,1586.46,161.89,0.0370622
15:10:50.522,MSFT,142.49,160.36,105.91,14,Accepted,INR,b,1482.74,17.87,0.7834359
15:11:11.299,TSLA,229.14,295.78,92.02,6,On_hold,EUR,s,552.12,66.64,0.09003601
15:11:43.220,MSFT,33.56,219.47,145.9,10,Done,INR,b,1459,185.91,0.05378947
15:12:04.172,TSLA,298.46,157.23,154.67,2,Customer_Rejected,JPY,s,309.34,141.23,0.0141613
15:12:28.344,V,208.42,90.41,27.87,11,Partially_Done,JPY,b,306.57,118.01,0.09321244
15:12:47.349,V,180.71,206.93,230.19,7,Cancelled,EUR,s,1611.33,26.22,0.2669718
15:13:01.670,META,141.69,118.34,72.52,11,Pending_Approval,INR,s,797.72,23.35,0.4710921
15:14:20.463,META,87.66,293.48,23.77,11,Dealer_Timeout,EUR,b,261.47,205.82,0.05344476
15:15:03.047,TSLA,235.16,281.81,121.36,9,Dealer_Timeout,USD,s,1092.24,46.65,0.192926
15:15:29.428,MSFT,287.45,222.81,97.64,7,In_Progress,JPY,s,683.48,64.64,0.1082921
15:15:35.756,APPL,25.65,22.03,58.81,7,Dealer_Timeout,USD,b,411.67,3.62,1.933702
15:15:51.954,BABA,162.22,162.94,206.1,12,Dealer_Rejected,GBP,b,2473.2,0.72,16.66667
15:15:54.493,V,148.82,297.55,88.43,9,Customer_Timeout,EUR,s,795.87,148.73,0.06051234
15:15:58.206,META,105.7,30.17,195.73,10,Customer_Rejected,EUR,s,1957.3,75.53,0.1323977
15:17:14.320,NFLX,135.09,149.45,56.72,13,In_Progress,JPY,s,737.36,14.36,0.9052925
15:17:18.138,TSLA,69.07,65.96,176.84,11,Expired,EUR,b,1945.24,3.11,3.536977
15:17:55.019,APPL,135.71,271.42,143.81,9,Customer_Timeout,INR,s,1294.29,135.71,0.06631788
15:19:17.871,BABA,87.61,111.18,70.4,4,Expired,EUR,b,281.6,23.57,0.1697073
15:19:19.705,NFLX,157.08,123.58,112.3,11,Partially_Done,EUR,s,1235.3,33.5,0.3283582
15:20:51.657,APPL,117.49,65.06,197.49,1,Pending_Approval,GBP,b,197.49,52.43,0.01907305
15:21:02.894,GOOGL,267.35,208.28,256.45,6,Partially_Done,INR,s,1538.7,59.07,0.1015744
15:22:25.463,V,90.67,255.29,139.42,1,Dealer_Timeout,INR,b,139.42,164.62,0.006074596
15:22:58.585,BABA,244.71,172,195.59,13,On_hold,JPY,b,2542.67,72.71,0.1787925
15:23:11.535,META,96.51,282.48,53.75,5,In_Progress,INR,b,268.75,185.97,0.02688606
15:23:35.380,TSLA,189.46,241.7,91.93,9,Done,EUR,s,827.37,52.24,0.1722818
15:24:21.020,TSLA,57.67,269.58,72.72,10,Dealer_Timeout,GBP,s,727.2,211.91,0.04718984
15:24:51.007,GOOGL,252.05,39.38,83.89,15,In_Progress,INR,b,1258.35,212.67,0.07053181
15:24:54.007,GOOGL,223.2,22.23,161.79,12,Dealer_Timeout,INR,b,1941.48,200.97,0.0597104
15:24:57.608,APPL,43.82,141.36,210.36,7,Partially_Done,EUR,s,1472.52,97.54,0.07176543
15:25:06.493,META,174.24,252.76,282.55,15,Accepted,INR,b,4238.25,78.52,0.1910341
15:25:25.962,BABA,28.83,285.51,80.14,3,Pending_Approval,EUR,b,240.42,256.68,0.0116877
15:25:31.050,MSFT,218.97,81.47,24.08,11,Accepted,GBP,s,264.88,137.5,0.08
15:26:54.851,APPL,163.71,236.01,35.31,5,Pending_Approval,EUR,b,176.55,72.3,0.06915629
15:29:14.385,V,29.82,136.52,150.18,12,Dealer_Timeout,INR,s,1802.16,106.7,0.1124649
